Vcomp_x,Vcomp_y,Norm_x,Norm_y,Angle of A,V_inf,Lam: R/ratio,h: height
0.0401671478822059,-0.2277992155302500,0.0401671478822059,-0.2277992155302500,5.00,1.0,1.250,0.000
0.0402650101572898,-0.2283542200717590,0.0402650101572898,-0.2283542200717590,5.00,1.0,1.250,0.000
0.0403925904170381,-0.2290777636794120,0.0403925904170381,-0.2290777636794120,5.00,1.0,1.250,0.000
0.0405504099158845,-0.2299728025340010,0.0405504099158845,-0.2299728025340010,5.00,1.0,1.250,0.000
0.0407393658732046,-0.2310444250194590,0.0407393658732046,-0.2310444250194590,5.00,1.0,1.250,0.000
0.0409607505787303,-0.2322999600750480,0.0409607505787303,-0.2322999600750480,5.00,1.0,1.250,0.000
0.0412162827120392,-0.2337491548170110,0.0412162827120392,-0.2337491548170110,5.00,1.0,1.250,0.000
0.0415081524006905,-0.2354044300759560,0.0415081524006905,-0.2354044300759560,5.00,1.0,1.250,0.000
0.0418390823622596,-0.2372812271505700,0.0418390823622596,-0.2372812271505700,5.00,1.0,1.250,0.000
0.0422124085036487,-0.2393984649090180,0.0422124085036487,-0.2393984649090180,5.00,1.0,1.250,0.000
0.0426321846946379,-0.2417791339892830,0.0426321846946379,-0.2417791339892830,5.00,1.0,1.250,0.000
0.0431033182445814,-0.2444510651256900,0.0431033182445814,-0.2444510651256900,5.00,1.0,1.250,0.000
0.0436317451153392,-0.2474479228308160,0.0436317451153392,-0.2474479228308160,5.00,1.0,1.250,0.000
0.0442246574363346,-0.2508104956975050,0.0442246574363346,-0.2508104956975050,5.00,1.0,1.250,0.000
0.0448908009656875,-0.2545883833847800,0.0448908009656875,-0.2545883833847800,5.00,1.0,1.250,0.000
0.0456408675748715,-0.2588422225089470,0.0456408675748715,-0.2588422225089470,5.00,1.0,1.250,0.000
0.0464880189208526,-0.2636466565358750,0.0464880189208526,-0.2636466565358750,5.00,1.0,1.250,0.000
0.0474485943341718,-0.2690943504138040,0.0474485943341718,-0.2690943504138040,5.00,1.0,1.250,0.000
0.0485430821586173,-0.2753014993143740,0.0485430821586173,-0.2753014993143740,5.00,1.0,1.250,0.000
0.0497974754674421,-0.2824155172813620,0.0497974754674421,-0.2824155172813620,5.00,1.0,1.250,0.000
0.0512452011390552,-0.2906259775625750,0.0512452011390552,-0.2906259775625750,5.00,1.0,1.250,0.000
0.0529299256430737,-0.3001805250132800,0.0529299256430737,-0.3001805250132800,5.00,1.0,1.250,0.000
0.0549097394503565,-0.3114086070647510,0.0549097394503565,-0.3114086070647510,5.00,1.0,1.250,0.000
0.0572635797496509,-0.3247578987604230,0.0572635797496509,-0.3247578987604230,5.00,1.0,1.250,0.000
0.0601014238410264,-0.3408521123627500,0.0601014238410264,-0.3408521123627500,5.00,1.0,1.250,0.000
0.0635811145776125,-0.3605864191750430,0.0635811145776125,-0.3605864191750430,5.00,1.0,1.250,0.000
0.0679374625427462,-0.3852924961896340,0.0679374625427462,-0.3852924961896340,5.00,1.0,1.250,0.000
0.0735355203131626,-0.4170406594481670,0.0735355203131626,-0.4170406594481670,5.00,1.0,1.250,0.000
0.0809752126595608,-0.4592332513958430,0.0809752126595608,-0.4592332513958430,5.00,1.0,1.250,0.000
0.0913161318379111,-0.5178795183301580,0.0913161318379111,-0.5178795183301580,5.00,1.0,1.250,0.000
0.1066216122783350,-0.6046812112924490,0.1066216122783350,-0.6046812112924490,5.00,1.0,1.250,0.000
0.1315152031635080,-0.7458597807045310,0.1315152031635080,-0.7458597807045310,5.00,1.0,1.250,0.000
0.1789353325850020,-1.0147926985765700,0.1789353325850020,-1.0147926985765700,5.00,1.0,1.250,0.000
0.3040876864614840,-1.7245669677986200,0.3040876864614840,-1.7245669677986200,5.00,1.0,1.250,0.000
1.5458229390960800,-8.7667975308435900,1.5458229390960800,-8.7667975308435900,5.00,1.0,1.250,0.000
-0.4153445416630280,2.3555359480109700,-0.4153445416630280,2.3555359480109700,5.00,1.0,1.250,0.000
-0.1676074915225710,0.9505493195036880,-0.1676074915225710,0.9505493195036880,5.00,1.0,1.250,0.000
-0.0985496319991293,0.5589027362866760,-0.0985496319991293,0.5589027362866760,5.00,1.0,1.250,0.000
-0.0662027581434993,0.3754544986677740,-0.0662027581434993,0.3754544986677740,5.00,1.0,1.250,0.000
-0.0475133639011934,0.2694616768817180,-0.0475133639011934,0.2694616768817180,5.00,1.0,1.250,0.000
-0.0353952737653426,0.2007365726057780,-0.0353952737653426,0.2007365726057780,5.00,1.0,1.250,0.000
-0.0269466271653595,0.1528219167429190,-0.0269466271653595,0.1528219167429190,5.00,1.0,1.250,0.000
-0.0207592976900536,0.1177318275776330,-0.0207592976900536,0.1177318275776330,5.00,1.0,1.250,0.000
-0.0160679427030106,0.0911258313302433,-0.0160679427030106,0.0911258313302433,5.00,1.0,1.250,0.000
-0.0124213735951372,0.0704451102447814,-0.0124213735951372,0.0704451102447814,5.00,1.0,1.250,0.000
-0.0095369415387752,0.0540866831636125,-0.0095369415387752,0.0540866831636125,5.00,1.0,1.250,0.000
-0.0072291510880437,0.0409985531368916,-0.0072291510880437,0.0409985531368916,5.00,1.0,1.250,0.000
-0.0053718385482965,0.0304652102968755,-0.0053718385482965,0.0304652102968755,5.00,1.0,1.250,0.000
-0.0038768691781210,0.0219868176869138,-0.0038768691781210,0.0219868176869138,5.00,1.0,1.250,0.000
-0.0026815396933369,0.0152077673114045,-0.0026815396933369,0.0152077673114045,5.00,1.0,1.250,0.000
-0.0017408389624190,0.0098727883584493,-0.0017408389624190,0.0098727883584493,5.00,1.0,1.250,0.000
-0.0010225598020050,0.0057992248145828,-0.0010225598020050,0.0057992248145828,5.00,1.0,1.250,0.000
-0.0005041653628594,0.0028592638564653,-0.0005041653628594,0.0028592638564653,5.00,1.0,1.250,0.000
-0.0001707908113225,0.0009686028232113,-0.0001707908113225,0.0009686028232113,5.00,1.0,1.250,0.000
-0.0000140255706923,0.0000795429640770,-0.0000140255706923,0.0000795429640770,5.00,1.0,1.250,0.000
-0.0000312780614070,0.0001773867010103,-0.0000312780614070,0.0001773867010103,5.00,1.0,1.250,0.000
-0.0002256270129650,0.0012795943766430,-0.0002256270129650,0.0012795943766430,5.00,1.0,1.250,0.000
-0.0006061411121605,0.0034375970695189,-0.0006061411121605,0.0034375970695189,5.00,1.0,1.250,0.000
-0.0011887225309129,0.0067415804781365,-0.0011887225309129,0.0067415804781365,5.00,1.0,1.250,0.000
-0.0019976189535040,0.0113290600535307,-0.0019976189535040,0.0113290600535307,5.00,1.0,1.250,0.000
-0.0030678785866642,0.0173988040533430,-0.0030678785866642,0.0173988040533430,5.00,1.0,1.250,0.000
-0.0044492363208844,0.0252328730578141,-0.0044492363208844,0.0252328730578141,5.00,1.0,1.250,0.000
-0.0062122995125784,0.0352317012837056,-0.0062122995125784,0.0352317012837056,5.00,1.0,1.250,0.000
-0.0084586213628612,0.0479712255542247,-0.0084586213628612,0.0479712255542247,5.00,1.0,1.250,0.000
-0.0113376934255279,0.0642992546005956,-0.0113376934255279,0.0642992546005956,5.00,1.0,1.250,0.000
-0.0150769775424681,0.0855057886313841,-0.0150769775424681,0.0855057886313841,5.00,1.0,1.250,0.000
-0.0200382252403867,0.1136424225032090,-0.0200382252403867,0.1136424225032090,5.00,1.0,1.250,0.000
-0.0268313727904581,0.1521682767019100,-0.0268313727904581,0.1521682767019100,5.00,1.0,1.250,0.000
-0.0365686282032839,0.2073909962976430,-0.0365686282032839,0.2073909962976430,5.00,1.0,1.250,0.000
-0.0515118394787783,0.2921381587310600,-0.0515118394787783,0.2921381587310600,5.00,1.0,1.250,0.000
-0.0770699574837443,0.4370854487162670,-0.0770699574837443,0.4370854487162670,5.00,1.0,1.250,0.000
-0.1301811059393850,0.7382937393717630,-0.1301811059393850,0.7382937393717630,5.00,1.0,1.250,0.000
-0.3050299301781860,1.7299106974588000,-0.3050299301781860,1.7299106974588000,5.00,1.0,1.250,0.000
2.3713016575798000,-13.4483199794616000,2.3713016575798000,-13.4483199794616000,5.00,1.0,1.250,0.000
0.2809661486044920,-1.5934382105086500,0.2809661486044920,-1.5934382105086500,5.00,1.0,1.250,0.000
0.1602288573241140,-0.9087030055203650,0.1602288573241140,-0.9087030055203650,5.00,1.0,1.250,0.000
0.1169551104817930,-0.6632853917867710,0.1169551104817930,-0.6632853917867710,5.00,1.0,1.250,0.000
0.0947723174906626,-0.5374805211878310,0.0947723174906626,-0.5374805211878310,5.00,1.0,1.250,0.000
0.0813251406171940,-0.4612177914601450,0.0813251406171940,-0.4612177914601450,5.00,1.0,1.250,0.000
0.0723302875458886,-0.4102054447667180,0.0723302875458886,-0.4102054447667180,5.00,1.0,1.250,0.000
0.0659101639001245,-0.3737951142547980,0.0659101639001245,-0.3737951142547980,5.00,1.0,1.250,0.000
0.0611120254591690,-0.3465835189465990,0.0611120254591690,-0.3465835189465990,5.00,1.0,1.250,0.000
0.0574010728630776,-0.3255376609549230,0.0574010728630776,-0.3255376609549230,5.00,1.0,1.250,0.000
0.0544540014018020,-0.3088239881554760,0.0544540014018020,-0.3088239881554760,5.00,1.0,1.250,0.000
0.0520639184176057,-0.2952691539798260,0.0520639184176057,-0.2952691539798260,5.00,1.0,1.250,0.000
0.0500923219327228,-0.2840876746794870,0.0500923219327228,-0.2840876746794870,5.00,1.0,1.250,0.000
0.0484430368946942,-0.2747341144279480,0.0484430368946942,-0.2747341144279480,5.00,1.0,1.250,0.000
0.0470472256134859,-0.2668180752852140,0.0470472256134859,-0.2668180752852140,5.00,1.0,1.250,0.000
0.0458543463351289,-0.2600529207208700,0.0458543463351289,-0.2600529207208700,5.00,1.0,1.250,0.000
0.0448264774170766,-0.2542235864129700,0.0448264774170766,-0.2542235864129700,5.00,1.0,1.250,0.000
0.0439346311796235,-0.2491656750606070,0.0439346311796235,-0.2491656750606070,5.00,1.0,1.250,0.000
0.0431562889005051,-0.2447514766436030,0.0431562889005051,-0.2447514766436030,5.00,1.0,1.250,0.000
0.0424737099478903,-0.2408803790391850,0.0424737099478903,-0.2408803790391850,5.00,1.0,1.250,0.000
0.0418727457706435,-0.2374721418265240,0.0418727457706435,-0.2374721418265240,5.00,1.0,1.250,0.000
0.0413419914644546,-0.2344620845791510,0.0413419914644546,-0.2344620845791510,5.00,1.0,1.250,0.000
0.0408721681374533,-0.2317975840862960,0.0408721681374533,-0.2317975840862960,5.00,1.0,1.250,0.000
0.0404556662549852,-0.2294354845324180,0.0404556662549852,-0.2294354845324180,5.00,1.0,1.250,0.000
0.0400862033128747,-0.2273401560658050,0.0400862033128747,-0.2273401560658050,5.00,1.0,1.250,0.000
0.0397585640598189,-0.2254820215265560,0.0397585640598189,-0.2254820215265560,5.00,1.0,1.250,0.000
0.0394684012397753,-0.2238364264005140,0.0394684012397753,-0.2238364264005140,5.00,1.0,1.250,0.000
0.0392120813430904,-0.2223827640304390,0.0392120813430904,-0.2223827640304390,5.00,1.0,1.250,0.000
0.0389865642908147,-0.2211037932718540,0.0389865642908147,-0.2211037932718540,5.00,1.0,1.250,0.000
0.0387893090460672,-0.2199851031884930,0.0387893090460672,-0.2199851031884930,5.00,1.0,1.250,0.000
0.0386181993041791,-0.2190146916201630,0.0386181993041791,-0.2190146916201630,5.00,1.0,1.250,0.000
0.0384714849539524,-0.2181826331930460,0.0384714849539524,-0.2181826331930460,5.00,1.0,1.250,0.000
0.0383477361196413,-0.2174808186788190,0.0383477361196413,-0.2174808186788190,5.00,1.0,1.250,0.000
0.0382458074172085,-0.2169027522818140,0.0382458074172085,-0.2169027522818140,5.00,1.0,1.250,0.000
0.0381648106777679,-0.2164433969459760,0.0381648106777679,-0.2164433969459760,5.00,1.0,1.250,0.000
0.0381040948677006,-0.2160990604761780,0.0381040948677006,-0.2160990604761780,5.00,1.0,1.250,0.000
0.0380632323127845,-0.2158673174113790,0.0380632323127845,-0.2158673174113790,5.00,1.0,1.250,0.000
0.0380420106453052,-0.2157469633544220,0.0380420106453052,-0.2157469633544220,5.00,1.0,1.250,0.000
0.0380404301635632,-0.2157379999970520,0.0380404301635632,-0.2157379999970520,5.00,1.0,1.250,0.000
0.0380587065431079,-0.2158416504960930,0.0380587065431079,-0.2158416504960930,5.00,1.0,1.250,0.000
0.0380972790869881,-0.2160604062629370,0.0380972790869881,-0.2160604062629370,5.00,1.0,1.250,0.000
0.0381568249668320,-0.2163981077287290,0.0381568249668320,-0.2163981077287290,5.00,1.0,1.250,0.000
0.0382382802082123,-0.2168600633582810,0.0382382802082123,-0.2168600633582810,5.00,1.0,1.250,0.000
0.0383428685374478,-0.2174532132484190,0.0383428685374478,-0.2174532132484190,5.00,1.0,1.250,0.000
0.0384721396651769,-0.2181863462449100,0.0384721396651769,-0.2181863462449100,5.00,1.0,1.250,0.000
0.0386280191790165,-0.2190703828978000,0.0386280191790165,-0.2190703828978000,5.00,1.0,1.250,0.000
0.0388128730159938,-0.2201187411027350,0.0388128730159938,-0.2201187411027350,5.00,1.0,1.250,0.000
0.0390295905760495,-0.2213478074610710,0.0390295905760495,-0.2213478074610710,5.00,1.0,1.250,0.000
0.0392816920552906,-0.2227775459969900,0.0392816920552906,-0.2227775459969900,5.00,1.0,1.250,0.000
0.0395734677249711,-0.2244322880478560,0.0395734677249711,-0.2244322880478560,5.00,1.0,1.250,0.000
0.0399101599718741,-0.2263417646665230,0.0399101599718741,-0.2263417646665230,5.00,1.0,1.250,0.000
0.0402982034377052,-0.2285424685195130,0.0402982034377052,-0.2285424685195130,5.00,1.0,1.250,0.000
0.0407455453328459,-0.2310794704765770,0.0407455453328459,-0.2310794704765770,5.00,1.0,1.250,0.000
0.0412620782341833,-0.2340088741291670,0.0412620782341833,-0.2340088741291670,5.00,1.0,1.250,0.000
0.0418602335514989,-0.2374011815055660,0.0418602335514989,-0.2374011815055660,5.00,1.0,1.250,0.000
0.0425558090446894,-0.2413459861542690,0.0425558090446894,-0.2413459861542690,5.00,1.0,1.250,0.000
0.0433691448057393,-0.2459586424691560,0.0433691448057393,-0.2459586424691560,5.00,1.0,1.250,0.000
0.0443268308713638,-0.2513899500420340,0.0443268308713638,-0.2513899500420340,5.00,1.0,1.250,0.000
0.0454642486016129,-0.2578405665369060,0.0454642486016129,-0.2578405665369060,5.00,1.0,1.250,0.000
0.0468294614990197,-0.2655830736218770,0.0468294614990197,-0.2655830736218770,5.00,1.0,1.250,0.000
0.0484893708661771,-0.2749968874380500,0.0484893708661771,-0.2749968874380500,5.00,1.0,1.250,0.000
0.0505398373145105,-0.2866256605282190,0.0505398373145105,-0.2866256605282190,5.00,1.0,1.250,0.000
0.0531231042911680,-0.3012760955681560,0.0531231042911680,-0.3012760955681560,5.00,1.0,1.250,0.000
0.0564595045789819,-0.3201977618634020,0.0564595045789819,-0.3201977618634020,5.00,1.0,1.250,0.000
0.0609092634100551,-0.3454335982237510,0.0609092634100551,-0.3454335982237510,5.00,1.0,1.250,0.000
0.0671039784683443,-0.3805655731115380,0.0671039784683443,-0.3805655731115380,5.00,1.0,1.250,0.000
0.0762606022902906,-0.4324953673220210,0.0762606022902906,-0.4324953673220210,5.00,1.0,1.250,0.000
0.0910623697433840,-0.5164403619769580,0.0910623697433840,-0.5164403619769580,5.00,1.0,1.250,0.000
0.1188150158947150,-0.6738334395412860,0.1188150158947150,-0.6738334395412860,5.00,1.0,1.250,0.000
0.1889160471413570,-1.0713961435868100,0.1889160471413570,-1.0713961435868100,5.00,1.0,1.250,0.000
0.6947387875099070,-3.9400594549881700,0.6947387875099070,-3.9400594549881700,5.00,1.0,1.250,0.000
-0.2948878705794360,1.6723922192429300,-0.2948878705794360,1.6723922192429300,5.00,1.0,1.250,0.000
-0.1046366835657940,0.5934241211717790,-0.1046366835657940,0.5934241211717790,5.00,1.0,1.250,0.000
-0.0568235003872819,0.3222620846734310,-0.0568235003872819,0.3222620846734310,5.00,1.0,1.250,0.000
-0.0352600717449930,0.1999698038457940,-0.0352600717449930,0.1999698038457940,5.00,1.0,1.250,0.000
-0.0231343123777793,0.1312012051974560,-0.0231343123777793,0.1312012051974560,5.00,1.0,1.250,0.000
-0.0154845144132214,0.0878170450773109,-0.0154845144132214,0.0878170450773109,5.00,1.0,1.250,0.000
-0.0103261805792971,0.0585626801854571,-0.0103261805792971,0.0585626801854571,5.00,1.0,1.250,0.000
-0.0067140962522978,0.0380775320108197,-0.0067140962522978,0.0380775320108197,5.00,1.0,1.250,0.000
-0.0041448161160690,0.0235064202847204,-0.0041448161160690,0.0235064202847204,5.00,1.0,1.250,0.000
-0.0023300865296442,0.0132145773737074,-0.0023300865296442,0.0132145773737074,5.00,1.0,1.250,0.000
-0.0010982032821311,0.0062282203081943,-0.0010982032821311,0.0062282203081943,5.00,1.0,1.250,0.000
-0.0003468872772573,0.0019672955089662,-0.0003468872772573,0.0019672955089662,5.00,1.0,1.250,0.000
-0.0000196412288208,0.0001113909439263,-0.0000196412288208,0.0001113909439263,5.00,1.0,1.250,0.000
-0.0000942022175286,0.0005342473236378,-0.0000942022175286,0.0005342473236378,5.00,1.0,1.250,0.000
-0.0005783368017487,0.0032799109893734,-0.0005783368017487,0.0032799109893734,5.00,1.0,1.250,0.000
-0.0015114064528803,0.0085716119382730,-0.0015114064528803,0.0085716119382730,5.00,1.0,1.250,0.000
-0.0029723001048431,0.0168567515470444,-0.0029723001048431,0.0168567515470444,5.00,1.0,1.250,0.000
-0.0050968839012446,0.0289058650058303,-0.0050968839012446,0.0289058650058303,5.00,1.0,1.250,0.000
-0.0081128428518240,0.0460102181709648,-0.0081128428518240,0.0460102181709648,5.00,1.0,1.250,0.000
-0.0124109009564895,0.0703857169596148,-0.0124109009564895,0.0703857169596148,5.00,1.0,1.250,0.000
-0.0187018614934126,0.1060635270805990,-0.0187018614934126,0.1060635270805990,5.00,1.0,1.250,0.000
-0.0284064543352979,0.1611010080315750,-0.0284064543352979,0.1611010080315750,5.00,1.0,1.250,0.000
-0.0448083004825059,0.2541204998944020,-0.0448083004825059,0.2541204998944020,5.00,1.0,1.250,0.000
-0.0775501321668798,0.4398086546669740,-0.0775501321668798,0.4398086546669740,5.00,1.0,1.250,0.000
-0.1723454833402920,0.9774198063610260,-0.1723454833402920,0.9774198063610260,5.00,1.0,1.250,0.000
-2.9894374647353600,16.9539423446377000,-2.9894374647353600,16.9539423446377000,5.00,1.0,1.250,0.000
0.2521732395569250,-1.4301455088932800,0.2521732395569250,-1.4301455088932800,5.00,1.0,1.250,0.000
0.1350510606586620,-0.7659126250335570,0.1350510606586620,-0.7659126250335570,5.00,1.0,1.250,0.000
0.0980889015559767,-0.5562898041006800,0.0980889015559767,-0.5562898041006800,5.00,1.0,1.250,0.000
0.0800856619416293,-0.4541883585816110,0.0800856619416293,-0.4541883585816110,5.00,1.0,1.250,0.000
0.0694972719248107,-0.3941386147802060,0.0694972719248107,-0.3941386147802060,5.00,1.0,1.250,0.000
0.0625675721035207,-0.3548383341683160,0.0625675721035207,-0.3548383341683160,5.00,1.0,1.250,0.000
0.0577092545978184,-0.3272854464242960,0.0577092545978184,-0.3272854464242960,5.00,1.0,1.250,0.000
0.0541362900093170,-0.3070221573113900,0.0541362900093170,-0.3070221573113900,5.00,1.0,1.250,0.000
0.0514152256602632,-0.2915902345385920,0.0514152256602632,-0.2915902345385920,5.00,1.0,1.250,0.000
0.0492876121835994,-0.2795239389092150,0.0492876121835994,-0.2795239389092150,5.00,1.0,1.250,0.000
0.0475899164329145,-0.2698958278631130,0.0475899164329145,-0.2698958278631130,5.00,1.0,1.250,0.000
0.0462137190932102,-0.2620910249102420,0.0462137190932102,-0.2620910249102420,5.00,1.0,1.250,0.000
0.0450843870488390,-0.2556862646186880,0.0450843870488390,-0.2556862646186880,5.00,1.0,1.250,0.000
0.0441489361599365,-0.2503810589993100,0.0441489361599365,-0.2503810589993100,5.00,1.0,1.250,0.000
0.0433687750949140,-0.2459565457348740,0.0433687750949140,-0.2459565457348740,5.00,1.0,1.250,0.000
0.0427151851174697,-0.2422498527783100,0.0427151851174697,-0.2422498527783100,5.00,1.0,1.250,0.000
0.0421664044488155,-0.2391375629492140,0.0421664044488155,-0.2391375629492140,5.00,1.0,1.250,0.000
0.0417056907001673,-0.2365247254424570,0.0417056907001673,-0.2365247254424570,5.00,1.0,1.250,0.000
0.0413199997049479,-0.2343373631132790,0.0413199997049479,-0.2343373631132790,5.00,1.0,1.250,0.000
0.0409990643188413,-0.2325172480927810,0.0409990643188413,-0.2325172480927810,5.00,1.0,1.250,0.000
0.0407347395421560,-0.2310181877922910,0.0407347395421560,-0.2310181877922910,5.00,1.0,1.250,0.000
0.0405205291333976,-0.2298033401955270,0.0405205291333976,-0.2298033401955270,5.00,1.0,1.250,0.000
0.0403512385434790,-0.2288432455506890,0.0403512385434790,-0.2288432455506890,5.00,1.0,1.250,0.000
0.0402227175134326,-0.2281143665695480,0.0402227175134326,-0.2281143665695480,5.00,1.0,1.250,0.000
0.0401316675191963,-0.2275979963925600,0.0401316675191963,-0.2275979963925600,5.00,1.0,1.250,0.000
0.0400754969919231,-0.2272794375024370,0.0400754969919231,-0.2272794375024370,5.00,1.0,1.250,0.000
0.0400522124164490,-0.2271473841128730,0.0400522124164490,-0.2271473841128730,5.00,1.0,1.250,0.000
0.0400603369396717,-0.2271934605737190,0.0400603369396717,-0.2271934605737190,5.00,1.0,1.250,0.000
0.0400988505797756,-0.2274118822806480,0.0400988505797756,-0.2274118822806480,5.00,1.0,1.250,0.000
0.0401671478822059,-0.2277992155302500,0.0401671478822059,-0.2277992155302500,5.00,1.0,1.250,0.000
0.0000000000000000,0.0000000000000000,0.0000000000000000,0.0000000000000000,15.00,1.0,0.833,0.100
-0.1718371253164830,0.1533089171762980,-0.1718371253164830,0.1533089171762980,15.00,1.0,0.833,0.100
-0.1721602137333840,0.1537607778729350,-0.1721602137333840,0.1537607778729350,15.00,1.0,0.833,0.100
-0.1725801582916790,0.1543505417250180,-0.1725801582916790,0.1543505417250180,15.00,1.0,0.833,0.100
-0.1730976713666370,0.1550811574192220,-0.1730976713666370,0.1550811574192220,15.00,1.0,0.833,0.100
-0.1737144244044980,0.1559574511881430,-0.1737144244044980,0.1559574511881430,15.00,1.0,0.833,0.100
-0.1744330599743410,0.1569862352648960,-0.1744330599743410,0.1569862352648960,15.00,1.0,0.833,0.100
-0.1752572241111600,0.1581764806618880,-0.1752572241111600,0.1581764806618880,15.00,1.0,0.833,0.100
-0.1761916189065580,0.1595395627996120,-0.1761916189065580,0.1595395627996120,15.00,1.0,0.833,0.100
-0.1772420757190730,0.1610895929424580,-0.1772420757190730,0.1610895929424580,15.00,1.0,0.833,0.100
-0.1784156496250530,0.1628438539507240,-0.1784156496250530,0.1628438539507240,15.00,1.0,0.833,0.100
-0.1797207357266600,0.1648233661001460,-0.1797207357266600,0.1648233661001460,15.00,1.0,0.833,0.100
-0.1811672075106340,0.1670536184472770,-0.1811672075106340,0.1670536184472770,15.00,1.0,0.833,0.100
-0.1827665763107620,0.1695655145777860,-0.1827665763107620,0.1695655145777860,15.00,1.0,0.833,0.100
-0.1845321685380720,0.1723966002563600,-0.1845321685380720,0.1723966002563600,15.00,1.0,0.833,0.100
-0.1864793127674970,0.1755926670414540,-0.1864793127674970,0.1755926670414540,15.00,1.0,0.833,0.100
-0.1886255203418670,0.1792098642109180,-0.1886255203418670,0.1792098642109180,15.00,1.0,0.833,0.100
-0.1909906278836640,0.1833175073677700,-0.1909906278836640,0.1833175073677700,15.00,1.0,0.833,0.100
-0.1935968425555160,0.1880018552894630,-0.1935968425555160,0.1880018552894630,15.00,1.0,0.833,0.100
-0.1964685810327290,0.1933712519750060,-0.1964685810327290,0.1933712519750060,15.00,1.0,0.833,0.100
-0.1996319020137940,0.1995632226876720,-0.1996319020137940,0.1995632226876720,15.00,1.0,0.833,0.100
-0.2031131632533080,0.2067544106829210,-0.2031131632533080,0.2067544106829210,15.00,1.0,0.833,0.100
-0.2069362156831590,0.2151747103756380,-0.2069362156831590,0.2151747103756380,15.00,1.0,0.833,0.100
-0.2111168336160310,0.2251277000460070,-0.2111168336160310,0.2251277000460070,15.00,1.0,0.833,0.100
-0.2156518677357470,0.2370206762081660,-0.2156518677357470,0.2370206762081660,15.00,1.0,0.833,0.100
-0.2204981435221790,0.2514095087901990,-0.2204981435221790,0.2514095087901990,15.00,1.0,0.833,0.100
-0.2255309608269630,0.2690665189901180,-0.2255309608269630,0.2690665189901180,15.00,1.0,0.833,0.100
-0.2304608526331150,0.2910838220822210,-0.2304608526331150,0.2910838220822210,15.00,1.0,0.833,0.100
-0.2346621984849790,0.3190288709533980,-0.2346621984849790,0.3190288709533980,15.00,1.0,0.833,0.100
-0.2368097477104960,0.3551652906555920,-0.2368097477104960,0.3551652906555920,15.00,1.0,0.833,0.100
-0.2340866380581690,0.4027035611122700,-0.2340866380581690,0.4027035611122700,15.00,1.0,0.833,0.100
-0.2204430310437370,0.4657987140339400,-0.2204430310437370,0.4657987140339400,15.00,1.0,0.833,0.100
-0.1829719119338380,0.5479793690997340,-0.1829719119338380,0.5479793690997340,15.00,1.0,0.833,0.100
-0.0963925690197647,0.6441788279778640,-0.0963925690197647,0.6441788279778640,15.00,1.0,0.833,0.100
0.0727596688695106,0.7160616506409420,0.0727596688695106,0.7160616506409420,15.00,1.0,0.833,0.100
0.3072393946671080,0.6709727367699340,0.3072393946671080,0.6709727367699340,15.00,1.0,0.833,0.100
0.4689422574531380,0.4735546767599790,0.4689422574531380,0.4735546767599790,15.00,1.0,0.833,0.100
0.4742023651043620,0.2568170472914680,0.4742023651043620,0.2568170472914680,15.00,1.0,0.833,0.100
0.3985415551716020,0.1176339469772870,0.3985415551716020,0.1176339469772870,15.00,1.0,0.833,0.100
0.3142783316501830,0.0463878233465249,0.3142783316501830,0.0463878233465249,15.00,1.0,0.833,0.100
0.2442432316466550,0.0130432228597602,0.2442432316466550,0.0130432228597602,15.00,1.0,0.833,0.100
0.1901067346732530,-0.0015170992085179,0.1901067346732530,-0.0015170992085179,15.00,1.0,0.833,0.100
0.1487278232766300,-0.0069875961075020,0.1487278232766300,-0.0069875961075020,15.00,1.0,0.833,0.100
0.1168402347552350,-0.0080889333040960,0.1168402347552350,-0.0080889333040960,15.00,1.0,0.833,0.100
0.0919300881085271,-0.0071461134276434,0.0919300881085271,-0.0071461134276434,15.00,1.0,0.833,0.100
0.0721978222496989,-0.0053321028107345,0.0721978222496989,-0.0053321028107345,15.00,1.0,0.833,0.100
0.0563740797644111,-0.0032527255953021,0.0563740797644111,-0.0032527255953021,15.00,1.0,0.833,0.100
0.0435590744387245,-0.0012268614903790,0.0435590744387245,-0.0012268614903790,15.00,1.0,0.833,0.100
0.0331074444678400,0.0005750540500885,0.0331074444678400,0.0005750540500885,15.00,1.0,0.833,0.100
0.0245501001567376,0.0020601965738979,0.0245501001567376,0.0020601965738979,15.00,1.0,0.833,0.100
0.0175418423323226,0.0031758641933351,0.0175418423323226,0.0031758641933351,15.00,1.0,0.833,0.100
0.0118261402193031,0.0038889077792196,0.0118261402193031,0.0038889077792196,15.00,1.0,0.833,0.100
0.0072112307488899,0.0041739344878874,0.0072112307488899,0.0041739344878874,15.00,1.0,0.833,0.100
0.0035537318215591,0.0040060881755183,0.0035537318215591,0.0040060881755183,15.00,1.0,0.833,0.100
0.0007473086390721,0.0033561439085125,0.0007473086390721,0.0033561439085125,15.00,1.0,0.833,0.100
-0.0012852037543813,0.0021866134210028,-0.0012852037543813,0.0021866134210028,15.00,1.0,0.833,0.100
-0.0025972702830430,0.0004480231310084,-0.0025972702830430,0.0004480231310084,15.00,1.0,0.833,0.100
-0.0032224223151457,-0.0019252818428099,-0.0032224223151457,-0.0019252818428099,15.00,1.0,0.833,0.100
-0.0031768179656328,-0.0050204385611128,-0.0031768179656328,-0.0050204385611128,15.00,1.0,0.833,0.100
-0.0024609906313567,-0.0089532360305003,-0.0024609906313567,-0.0089532360305003,15.00,1.0,0.833,0.100
-0.0010611805873346,-0.0138782227703714,-0.0010611805873346,-0.0138782227703714,15.00,1.0,0.833,0.100
0.0010492117973056,-0.0200033756814538,0.0010492117973056,-0.0200033756814538,15.00,1.0,0.833,0.100
0.0039071106985247,-0.0276119174605581,0.0039071106985247,-0.0276119174605581,15.00,1.0,0.833,0.100
0.0075543105391832,-0.0370955436311705,0.0075543105391832,-0.0370955436311705,15.00,1.0,0.833,0.100
0.0120250812341694,-0.0490062611297578,0.0120250812341694,-0.0490062611297578,15.00,1.0,0.833,0.100
0.0173179262771284,-0.0641392587354598,0.0173179262771284,-0.0641392587354598,15.00,1.0,0.833,0.100
0.0233308678882816,-0.0836684391639706,0.0233308678882816,-0.0836684391639706,15.00,1.0,0.833,0.100
0.0297104138698104,-0.1093716758530490,0.0297104138698104,-0.1093716758530490,15.00,1.0,0.833,0.100
0.0354881247655188,-0.1440035400297100,0.0354881247655188,-0.1440035400297100,15.00,1.0,0.833,0.100
0.0381721574883536,-0.1918704883555670,0.0381721574883536,-0.1918704883555670,15.00,1.0,0.833,0.100
0.0314018053733795,-0.2594435277629240,0.0314018053733795,-0.2594435277629240,15.00,1.0,0.833,0.100
-0.0010161338240819,-0.3543403241176170,-0.0010161338240819,-0.3543403241176170,15.00,1.0,0.833,0.100
-0.0970544598464975,-0.4735745803657400,-0.0970544598464975,-0.4735745803657400,15.00,1.0,0.833,0.100
-0.3116110851007370,-0.5544368708032830,-0.3116110851007370,-0.5544368708032830,15.00,1.0,0.833,0.100
-0.5849288053295640,-0.4461824917425850,-0.5849288053295640,-0.4461824917425850,15.00,1.0,0.833,0.100
-0.6889409933314640,-0.1859036599863530,-0.6889409933314640,-0.1859036599863530,15.00,1.0,0.833,0.100
-0.6277775773350420,0.0096152429845434,-0.6277775773350420,0.0096152429845434,15.00,1.0,0.833,0.100
-0.5333882740355940,0.1056074524173110,-0.5333882740355940,0.1056074524173110,15.00,1.0,0.833,0.100
-0.4546547662610320,0.1469202589228740,-0.4546547662610320,0.1469202589228740,15.00,1.0,0.833,0.100
-0.3958233212823070,0.1635091869389960,-0.3958233212823070,0.1635091869389960,15.00,1.0,0.833,0.100
-0.3523203898490400,0.1691425338072750,-0.3523203898490400,0.1691425338072750,15.00,1.0,0.833,0.100
-0.3196454984186010,0.1698611300236290,-0.3196454984186010,0.1698611300236290,15.00,1.0,0.833,0.100
-0.2945699523361390,0.1683816721599490,-0.2945699523361390,0.1683816721599490,15.00,1.0,0.833,0.100
-0.2749128518403800,0.1659698970483360,-0.2749128518403800,0.1659698970483360,15.00,1.0,0.833,0.100
-0.2592042031533700,0.1632318516378000,-0.2592042031533700,0.1632318516378000,15.00,1.0,0.833,0.100
-0.2464376270796870,0.1604607991861350,-0.2464376270796870,0.1604607991861350,15.00,1.0,0.833,0.100
-0.2359096504674910,0.1577963866808060,-0.2359096504674910,0.1577963866808060,15.00,1.0,0.833,0.100
-0.2271178279360370,0.1553008830235230,-0.2271178279360370,0.1553008830235230,15.00,1.0,0.833,0.100
-0.2196958381706360,0.1529970737290630,-0.2196958381706360,0.1529970737290630,15.00,1.0,0.833,0.100
-0.2133714847476420,0.1508876683796110,-0.2133714847476420,0.1508876683796110,15.00,1.0,0.833,0.100
-0.2079389893278930,0.1489654621611610,-0.2079389893278930,0.1489654621611610,15.00,1.0,0.833,0.100
-0.2032403435156430,0.1472187281144730,-0.2032403435156430,0.1472187281144730,15.00,1.0,0.833,0.100
-0.1991525100903540,0.1456340866610150,-0.1991525100903540,0.1456340866610150,15.00,1.0,0.833,0.100
-0.1955784749387740,0.1441980148833220,-0.1955784749387740,0.1441980148833220,15.00,1.0,0.833,0.100
-0.1924408824208420,0.1428976129479490,-0.1924408824208420,0.1428976129479490,15.00,1.0,0.833,0.100
-0.1896774356359400,0.1417209627053890,-0.1896774356359400,0.1417209627053890,15.00,1.0,0.833,0.100
-0.1872375231893080,0.1406572634045660,-0.1872375231893080,0.1406572634045660,15.00,1.0,0.833,0.100
-0.1850797120924080,0.1396968478738480,-0.1850797120924080,0.1396968478738480,15.00,1.0,0.833,0.100
-0.1831698615886660,0.1388311373374290,-0.1831698615886660,0.1388311373374290,15.00,1.0,0.833,0.100
-0.1814796884613010,0.1380525676318260,-0.1814796884613010,0.1380525676318260,15.00,1.0,0.833,0.100
-0.1799856650447290,0.1373545051411150,-0.1799856650447290,0.1373545051411150,15.00,1.0,0.833,0.100
-0.1786681655689390,0.1367311624963470,-0.1786681655689390,0.1367311624963470,15.00,1.0,0.833,0.100
-0.1775108001808080,0.1361775193378520,-0.1775108001808080,0.1361775193378520,15.00,1.0,0.833,0.100
-0.1764998925635570,0.1356892507297270,-0.1764998925635570,0.1356892507297270,15.00,1.0,0.833,0.100
-0.1756240688243350,0.1352626642935600,-0.1756240688243350,0.1352626642935600,15.00,1.0,0.833,0.100
-0.1748739337618320,0.1348946463019380,-0.1748739337618320,0.1348946463019380,15.00,1.0,0.833,0.100
-0.1742418167784720,0.1345826165549190,-0.1742418167784720,0.1345826165549190,15.00,1.0,0.833,0.100
-0.1737215742562490,0.1343244916860450,-0.1737215742562490,0.1343244916860450,15.00,1.0,0.833,0.100
-0.1733084386480960,0.1341186565099320,-0.1733084386480960,0.1341186565099320,15.00,1.0,0.833,0.100
-0.1729989071827360,0.1339639430731080,-0.1729989071827360,0.1339639430731080,15.00,1.0,0.833,0.100
-0.1727906651807340,0.1338596171707030,-0.1727906651807340,0.1338596171707030,15.00,1.0,0.833,0.100
-0.1726825407113910,0.1338053722256580,-0.1726825407113910,0.1338053722256580,15.00,1.0,0.833,0.100
-0.1726744888225100,0.1338013305857400,-0.1726744888225100,0.1338013305857400,15.00,1.0,0.833,0.100
-0.1727676049623420,0.1338480524738560,-0.1727676049623420,0.1338480524738560,15.00,1.0,0.833,0.100
-0.1729641685884690,0.1339465530301490,-0.1729641685884690,0.1339465530301490,15.00,1.0,0.833,0.100
-0.1732677194252020,0.1340983281137100,-0.1732677194252020,0.1340983281137100,15.00,1.0,0.833,0.100
-0.1736831705038650,0.1343053897930660,-0.1736831705038650,0.1343053897930660,15.00,1.0,0.833,0.100
-0.1742169641381480,0.1345703127542580,-0.1742169641381480,0.1345703127542580,15.00,1.0,0.833,0.100
-0.1748772795303940,0.1348962931999150,-0.1748772795303940,0.1348962931999150,15.00,1.0,0.833,0.100
-0.1756743040208650,0.1352872222064590,-0.1756743040208650,0.1352872222064590,15.00,1.0,0.833,0.100
-0.1766205844287740,0.1357477759486880,-0.1766205844287740,0.1357477759486880,15.00,1.0,0.833,0.100
-0.1777314809948600,0.1362835256776620,-0.1777314809948600,0.1362835256776620,15.00,1.0,0.833,0.100
-0.1790257548642770,0.1369010708103380,-0.1790257548642770,0.1369010708103380,15.00,1.0,0.833,0.100
-0.1805263319636800,0.1376081988677170,-0.1805263319636800,0.1376081988677170,15.00,1.0,0.833,0.100
-0.1822613032381800,0.1384140760937420,-0.1822613032381800,0.1384140760937420,15.00,1.0,0.833,0.100
-0.1842652461848060,0.1393294720183710,-0.1842652461848060,0.1393294720183710,15.00,1.0,0.833,0.100
-0.1865809896699600,0.1403670192385840,-0.1865809896699600,0.1403670192385840,15.00,1.0,0.833,0.100
-0.1892619999696340,0.1415415047857030,-0.1892619999696340,0.1415415047857030,15.00,1.0,0.833,0.100
-0.1923756520737460,0.1428701786585020,-0.1923756520737460,0.1428701786585020,15.00,1.0,0.833,0.100
-0.1960077855226060,0.1443730424673030,-0.1960077855226060,0.1443730424673030,15.00,1.0,0.833,0.100
-0.2002691611549150,0.1460730344671170,-0.2002691611549150,0.1460730344671170,15.00,1.0,0.833,0.100
-0.2053047921651430,0.1479959310681330,-0.2053047921651430,0.1479959310681330,15.00,1.0,0.833,0.100
-0.2113077253701670,0.1501695843753200,-0.2113077253701670,0.1501695843753200,15.00,1.0,0.833,0.100
-0.2185398942105870,0.1526216885044940,-0.2185398942105870,0.1526216885044940,15.00,1.0,0.833,0.100
-0.2273645346426400,0.1553743323905770,-0.2273645346426400,0.1553743323905770,15.00,1.0,0.833,0.100
-0.2382981034847180,0.1584314711213020,-0.2382981034847180,0.1584314711213020,15.00,1.0,0.833,0.100
-0.2520961956158370,0.1617503907148970,-0.2520961956158370,0.1617503907148970,15.00,1.0,0.833,0.100
-0.2699007402035820,0.1651755361988280,-0.2699007402035820,0.1651755361988280,15.00,1.0,0.833,0.100
-0.2935008468041070,0.1682790373345230,-0.2935008468041070,0.1682790373345230,15.00,1.0,0.833,0.100
-0.3258062567464270,0.1699541195193960,-0.3258062567464270,0.1699541195193960,15.00,1.0,0.833,0.100
-0.3716926750086440,0.1673012487590700,-0.3716926750086440,0.1673012487590700,15.00,1.0,0.833,0.100
-0.4392324095585860,0.1523252045096280,-0.4392324095585860,0.1523252045096280,15.00,1.0,0.833,0.100
-0.5389554571975280,0.1016660990736730,-0.5389554571975280,0.1016660990736730,15.00,1.0,0.833,0.100
-0.6598001138432270,-0.0494208739805148,-0.6598001138432270,-0.0494208739805148,15.00,1.0,0.833,0.100
-0.6417727809886310,-0.3708471334306340,-0.6417727809886310,-0.3708471334306340,15.00,1.0,0.833,0.100
-0.3039348558428310,-0.5540515949431670,-0.3039348558428310,-0.5540515949431670,15.00,1.0,0.833,0.100
-0.0497810475149567,-0.4275738962803060,-0.0497810475149567,-0.4275738962803060,15.00,1.0,0.833,0.100
0.0264297962022242,-0.2814023610769420,0.0264297962022242,-0.2814023610769420,15.00,1.0,0.833,0.100
0.0381697905720891,-0.1855891657652880,0.0381697905720891,-0.1855891657652880,15.00,1.0,0.833,0.100
0.0327615204431867,-0.1252531098991420,0.0327615204431867,-0.1252531098991420,15.00,1.0,0.833,0.100
0.0239242695218478,-0.0857893947489168,0.0239242695218478,-0.0857893947489168,15.00,1.0,0.833,0.100
0.0155206143747898,-0.0588341240398680,0.0155206143747898,-0.0588341240398680,15.00,1.0,0.833,0.100
0.0085744521725310,-0.0397683815402368,0.0085744521725310,-0.0397683815402368,15.00,1.0,0.833,0.100
0.0032732285429005,-0.0259533440048637,0.0032732285429005,-0.0259533440048637,15.00,1.0,0.833,0.100
-0.0004249607260035,-0.0158140003705207,-0.0004249607260035,-0.0158140003705207,15.00,1.0,0.833,0.100
-0.0025960859795771,-0.0083728472878178,-0.0025960859795771,-0.0083728472878178,15.00,1.0,0.833,0.100
-0.0032836813336226,-0.0030049223843873,-0.0032836813336226,-0.0030049223843873,15.00,1.0,0.833,0.100
-0.0024724322635396,0.0006964847401747,-0.0024724322635396,0.0006964847401747,15.00,1.0,0.833,0.100
-0.0000710509407360,0.0029968706276820,-0.0000710509407360,0.0029968706276820,15.00,1.0,0.833,0.100
0.0041086608817050,0.0040673355613319,0.0041086608817050,0.0040673355613319,15.00,1.0,0.833,0.100
0.0103854838357544,0.0040163905290977,0.0103854838357544,0.0040163905290977,15.00,1.0,0.833,0.100
0.0192662014007487,0.0029179242987901,0.0192662014007487,0.0029179242987901,15.00,1.0,0.833,0.100
0.0315455836670408,0.0008489358262697,0.0315455836670408,0.0008489358262697,15.00,1.0,0.833,0.100
0.0484849085234568,-0.0020360696203463,0.0484849085234568,-0.0020360696203463,15.00,1.0,0.833,0.100
0.0721407176731490,-0.0053255538942966,0.0721407176731490,-0.0053255538942966,15.00,1.0,0.833,0.100
0.1059860591164880,-0.0078682396070481,0.1059860591164880,-0.0078682396070481,15.00,1.0,0.833,0.100
0.1560681035780510,-0.0063561956887909,0.1560681035780510,-0.0063561956887909,15.00,1.0,0.833,0.100
0.2327335673350320,0.0092012336918145,0.2327335673350320,0.0092012336918145,15.00,1.0,0.833,0.100
0.3488295061110020,0.0704281352500313,0.3488295061110020,0.0704281352500313,15.00,1.0,0.833,0.100
0.4763582752970890,0.2646892536081900,0.4763582752970890,0.2646892536081900,15.00,1.0,0.833,0.100
0.3782661821169770,0.6171547454687690,0.3782661821169770,0.6171547454687690,15.00,1.0,0.833,0.100
0.0158752448228404,0.7029776210942200,0.0158752448228404,0.7029776210942200,15.00,1.0,0.833,0.100
-0.1767816669230800,0.5576600921833460,-0.1767816669230800,0.5576600921833460,15.00,1.0,0.833,0.100
-0.2292696240265230,0.4317706957821740,-0.2292696240265230,0.4317706957821740,15.00,1.0,0.833,0.100
-0.2367465801364270,0.3509191817526320,-0.2367465801364270,0.3509191817526320,15.00,1.0,0.833,0.100
-0.2318670079809440,0.2989191300615270,-0.2318670079809440,0.2989191300615270,15.00,1.0,0.833,0.100
-0.2241670604608510,0.2639260326266170,-0.2241670604608510,0.2639260326266170,15.00,1.0,0.833,0.100
-0.2164576763044410,0.2392777417830030,-0.2164576763044410,0.2392777417830030,15.00,1.0,0.833,0.100
-0.2095236021752250,0.2212329146685730,-0.2095236021752250,0.2212329146685730,15.00,1.0,0.833,0.100
-0.2035101076793690,0.2076018199788460,-0.2035101076793690,0.2076018199788460,15.00,1.0,0.833,0.100
-0.1983626080407610,0.1970417831727930,-0.1983626080407610,0.1970417831727930,15.00,1.0,0.833,0.100
-0.1939735018933340,0.1886933026916940,-0.1939735018933340,0.1886933026916940,15.00,1.0,0.833,0.100
-0.1902316660773180,0.1819849917590400,-0.1902316660773180,0.1819849917590400,15.00,1.0,0.833,0.100
-0.1870379210005210,0.1765244013566480,-0.1870379210005210,0.1765244013566480,15.00,1.0,0.833,0.100
-0.1843083886763500,0.1720343127014780,-0.1843083886763500,0.1720343127014780,15.00,1.0,0.833,0.100
-0.1819736953913930,0.1683141219279410,-0.1819736953913930,0.1683141219279410,15.00,1.0,0.833,0.100
-0.1799769664372100,0.1652156241812450,-0.1799769664372100,0.1652156241812450,15.00,1.0,0.833,0.100
-0.1782716892136870,0.1626273616383480,-0.1782716892136870,0.1626273616383480,15.00,1.0,0.833,0.100
-0.1768198049174280,0.1604642319493080,-0.1768198049174280,0.1604642319493080,15.00,1.0,0.833,0.100
-0.1755901158135740,0.1586604232332630,-0.1755901158135740,0.1586604232332630,15.00,1.0,0.833,0.100
-0.1745569957998090,0.1571645086223290,-0.1745569957998090,0.1571645086223290,15.00,1.0,0.833,0.100
-0.1736993612664780,0.1559359765081670,-0.1736993612664780,0.1559359765081670,15.00,1.0,0.833,0.100
-0.1729998548808040,0.1549427362586010,-0.1729998548808040,0.1549427362586010,15.00,1.0,0.833,0.100
-0.1724441997814080,0.1541593001812270,-0.1724441997814080,0.1541593001812270,15.00,1.0,0.833,0.100
-0.1720206889412140,0.1535654432671690,-0.1720206889412140,0.1535654432671690,15.00,1.0,0.833,0.100
-0.1717197815648550,0.1531452067288770,-0.1717197815648550,0.1531452067288770,15.00,1.0,0.833,0.100
-0.1715337844960620,0.1528861534870480,-0.1715337844960620,0.1528861534870480,15.00,1.0,0.833,0.100
-0.1714566015791320,0.1527788118622580,-0.1714566015791320,0.1527788118622580,15.00,1.0,0.833,0.100
-0.1714835378557550,0.1528162628422810,-0.1714835378557550,0.1528162628422810,15.00,1.0,0.833,0.100
-0.1716111485637860,0.1529938395744170,-0.1716111485637860,0.1529938395744170,15.00,1.0,0.833,0.100
-0.1718371253164830,0.1533089171762980,-0.1718371253164830,0.1533089171762980,15.00,1.0,0.833,0.100
0.0000000000000000,0.0000000000000000,0.0000000000000000,0.0000000000000000,15.00,1.0,0.833,0.000
-0.1786495565967760,0.1469361027554610,-0.1786495565967760,0.1469361027554610,15.00,1.0,0.833,0.000
-0.1790848140888580,0.1472940943497300,-0.1790848140888580,0.1472940943497300,15.00,1.0,0.833,0.000
-0.1796522468799880,0.1477607977913320,-0.1796522468799880,0.1477607977913320,15.00,1.0,0.833,0.000
-0.1803541733292820,0.1483381198896620,-0.1803541733292820,0.1483381198896620,15.00,1.0,0.833,0.000
-0.1811945839576530,0.1490293427776420,-0.1811945839576530,0.1490293427776420,15.00,1.0,0.833,0.000
-0.1821792264220730,0.1498391938015430,-0.1821792264220730,0.1498391938015430,15.00,1.0,0.833,0.000
-0.1833157448138130,0.1507739600913310,-0.1833157448138130,0.1507739600913310,15.00,1.0,0.833,0.000
-0.1846138800614170,0.1518416533885660,-0.1846138800614170,0.1518416533885660,15.00,1.0,0.833,0.000
-0.1860857418692870,0.1530522337110870,-0.1860857418692870,0.1530522337110870,15.00,1.0,0.833,0.000
-0.1877461671954950,0.1544179041946700,-0.1877461671954950,0.1544179041946700,15.00,1.0,0.833,0.000
-0.1896131862482300,0.1559534943668760,-0.1896131862482300,0.1559534943668760,15.00,1.0,0.833,0.000
-0.1917086250392070,0.1576769557365770,-0.1917086250392070,0.1576769557365770,15.00,1.0,0.833,0.000
-0.1940588846700760,0.1596100027432530,-0.1940588846700760,0.1596100027432530,15.00,1.0,0.833,0.000
-0.1966959532405710,0.1617789450335610,-0.1966959532405710,0.1617789450335610,15.00,1.0,0.833,0.000
-0.1996587288525640,0.1642157756087840,-0.1996587288525640,0.1642157756087840,15.00,1.0,0.833,0.000
-0.2029947652458310,0.1669596065794000,-0.2029947652458310,0.1669596065794000,15.00,1.0,0.833,0.000
-0.2067626009102830,0.1700585848187200,-0.2067626009102830,0.1700585848187200,15.00,1.0,0.833,0.000
-0.2110349075268870,0.1735724814999030,-0.2110349075268870,0.1735724814999030,15.00,1.0,0.833,0.000
-0.2159028101499740,0.1775762453695440,-0.2159028101499740,0.1775762453695440,15.00,1.0,0.833,0.000
-0.2214819169632510,0.1821649621154220,-0.2214819169632510,0.1821649621154220,15.00,1.0,0.833,0.000
-0.2279208991400770,0.1874609111499340,-0.2279208991400770,0.1874609111499340,15.00,1.0,0.833,0.000
-0.2354139700076750,0.1936238295020930,-0.2354139700076750,0.1936238295020930,15.00,1.0,0.833,0.000
-0.2442194958531360,0.2008662188765310,-0.2442194958531360,0.2008662188765310,15.00,1.0,0.833,0.000
-0.2546885619417150,0.2094768406986560,-0.2546885619417150,0.2094768406986560,15.00,1.0,0.833,0.000
-0.2673103091989960,0.2198580047344290,-0.2673103091989960,0.2198580047344290,15.00,1.0,0.833,0.000
-0.2827867679460310,0.2325871185148660,-0.2827867679460310,0.2325871185148660,15.00,1.0,0.833,0.000
-0.3021622942999240,0.2485231464877910,-0.3021622942999240,0.2485231464877910,15.00,1.0,0.833,0.000
-0.3270605156379420,0.2690014934741680,-0.3270605156379420,0.2690014934741680,15.00,1.0,0.833,0.000
-0.3601496894771740,0.2962167541216290,-0.3601496894771740,0.2962167541216290,15.00,1.0,0.833,0.000
-0.4061425150428100,0.3340450402481910,-0.4061425150428100,0.3340450402481910,15.00,1.0,0.833,0.000
-0.4742159889723260,0.3900342693891560,-0.4742159889723260,0.3900342693891560,15.00,1.0,0.833,0.000
-0.5849340560548990,0.4810979226757410,-0.5849340560548990,0.4810979226757410,15.00,1.0,0.833,0.000
-0.7958423615127680,0.6545662762115080,-0.7958423615127680,0.6545662762115080,15.00,1.0,0.833,0.000
-1.3524766685500600,1.1123881555047800,-1.3524766685500600,1.1123881555047800,15.00,1.0,0.833,0.000
-6.8752848336781000,5.6548002583322200,-6.8752848336781000,5.6548002583322200,15.00,1.0,0.833,0.000
1.8473086120178000,-1.5193786830892900,1.8473086120178000,-1.5193786830892900,15.00,1.0,0.833,0.000
0.7454600493571580,-0.6131277149467660,0.7454600493571580,-0.6131277149467660,15.00,1.0,0.833,0.000
0.4383146174841890,-0.3605060258797170,0.4383146174841890,-0.3605060258797170,15.00,1.0,0.833,0.000
0.2944469301754730,-0.2421773958607970,0.2944469301754730,-0.2421773958607970,15.00,1.0,0.833,0.000
0.2113229801195270,-0.1738094161158040,0.2113229801195270,-0.1738094161158040,15.00,1.0,0.833,0.000
0.1574259138922130,-0.1294800317486820,0.1574259138922130,-0.1294800317486820,15.00,1.0,0.833,0.000
0.1198492611172600,-0.0985738989906326,0.1198492611172600,-0.0985738989906326,15.00,1.0,0.833,0.000
0.0923301634077810,-0.0759399275114631,0.0923301634077810,-0.0759399275114631,15.00,1.0,0.833,0.000
0.0714646418942511,-0.0587784048546885,0.0714646418942511,-0.0587784048546885,15.00,1.0,0.833,0.000
0.0552459659720384,-0.0454388305660010,0.0552459659720384,-0.0454388305660010,15.00,1.0,0.833,0.000
0.0424170115883766,-0.0348872423310663,0.0424170115883766,-0.0348872423310663,15.00,1.0,0.833,0.000
0.0321527592707731,-0.0264450762155833,0.0321527592707731,-0.0264450762155833,15.00,1.0,0.833,0.000
0.0238920766188575,-0.0196508107379940,0.0238920766188575,-0.0196508107379940,15.00,1.0,0.833,0.000
0.0172429708399049,-0.0141820387545669,0.0172429708399049,-0.0141820387545669,15.00,1.0,0.833,0.000
0.0119265594514244,-0.0098093843525680,0.0119265594514244,-0.0098093843525680,15.00,1.0,0.833,0.000
0.0077426485359278,-0.0063681915731944,0.0077426485359278,-0.0063681915731944,15.00,1.0,0.833,0.000
0.0045479917010191,-0.0037406427905122,0.0045479917010191,-0.0037406427905122,15.00,1.0,0.833,0.000
0.0022423528499065,-0.0018442955865349,0.0022423528499065,-0.0018442955865349,15.00,1.0,0.833,0.000
0.0007596183528653,-0.0006247726693409,0.0007596183528653,-0.0006247726693409,15.00,1.0,0.833,0.000
0.0000623808788352,-0.0000513071702898,0.0000623808788352,-0.0000513071702898,15.00,1.0,0.833,0.000
0.0001391139798611,-0.0001144187896628,0.0001391139798611,-0.0001144187896628,15.00,1.0,0.833,0.000
0.0010035107780283,-0.0008253698783557,0.0010035107780283,-0.0008253698783557,15.00,1.0,0.833,0.000
0.0026959056500630,-0.0022173347483351,0.0026959056500630,-0.0022173347483351,15.00,1.0,0.833,0.000
0.0052870259468502,-0.0043484853956318,0.0052870259468502,-0.0043484853956318,15.00,1.0,0.833,0.000
0.0088847169666954,-0.0073075226719880,0.0088847169666954,-0.0073075226719880,15.00,1.0,0.833,0.000
0.0136448609895724,-0.0112226569975376,0.0136448609895724,-0.0112226569975376,15.00,1.0,0.833,0.000
0.0197886615761529,-0.0162758243912659,0.0197886615761529,-0.0162758243912659,15.00,1.0,0.833,0.000
0.0276301557836062,-0.0227253147822401,0.0276301557836062,-0.0227253147822401,15.00,1.0,0.833,0.000
0.0376210170641617,-0.0309426216018068,0.0376210170641617,-0.0309426216018068,15.00,1.0,0.833,0.000
0.0504261320530063,-0.0414746023558543,0.0504261320530063,-0.0414746023558543,15.00,1.0,0.833,0.000
0.0670571722114906,-0.0551533389405346,0.0670571722114906,-0.0551533389405346,15.00,1.0,0.833,0.000
0.0891230829900990,-0.0733021605515307,0.0891230829900990,-0.0733021605515307,15.00,1.0,0.833,0.000
0.1193366495912350,-0.0981522850706402,0.1193366495912350,-0.0981522850706402,15.00,1.0,0.833,0.000
0.1626445878862900,-0.1337722988712450,0.1626445878862900,-0.1337722988712450,15.00,1.0,0.833,0.000
0.2291068140898500,-0.1884363052356430,0.2291068140898500,-0.1884363052356430,15.00,1.0,0.833,0.000
0.3427804675547490,-0.2819308760831170,0.3427804675547490,-0.2819308760831170,15.00,1.0,0.833,0.000
0.5790004538423300,-0.4762176397294810,0.5790004538423300,-0.4762176397294810,15.00,1.0,0.833,0.000
1.3566674421317100,-1.1158349927057700,1.3566674421317100,-1.1158349927057700,15.00,1.0,0.833,0.000
-10.5467281601910000,8.6744975033860000,-10.5467281601910000,8.6744975033860000,15.00,1.0,0.833,0.000
-1.2496400793528200,1.0278068784775300,-1.2496400793528200,1.0278068784775300,15.00,1.0,0.833,0.000
-0.7126424410044290,0.5861358121121630,-0.7126424410044290,0.5861358121121630,15.00,1.0,0.833,0.000
-0.5201758086128730,0.4278354087256960,-0.5201758086128730,0.4278354087256960,15.00,1.0,0.833,0.000
-0.4215144313210300,0.3466881696957670,-0.4215144313210300,0.3466881696957670,15.00,1.0,0.833,0.000
-0.3617060477890790,0.2974968313252830,-0.3617060477890790,0.2974968313252830,15.00,1.0,0.833,0.000
-0.3217000578802530,0.2645926117119930,-0.3217000578802530,0.2645926117119930,15.00,1.0,0.833,0.000
-0.2931455723595030,0.2411070520580380,-0.2931455723595030,0.2411070520580380,15.00,1.0,0.833,0.000
-0.2718051150414880,0.2235549030963380,-0.2718051150414880,0.2235549030963380,15.00,1.0,0.833,0.000
-0.2553000836713850,0.2099798065129550,-0.2553000836713850,0.2099798065129550,15.00,1.0,0.833,0.000
-0.2421925309180780,0.1991990760430800,-0.2421925309180780,0.1991990760430800,15.00,1.0,0.833,0.000
-0.2315622699244830,0.1904558742606230,-0.2315622699244830,0.1904558742606230,15.00,1.0,0.833,0.000
-0.2227932918819030,0.1832435448080900,-0.2227932918819030,0.1832435448080900,15.00,1.0,0.833,0.000
-0.2154578434799020,0.1772102681479820,-0.2154578434799020,0.1772102681479820,15.00,1.0,0.833,0.000
-0.2092497585242080,0.1721042279968540,-0.2092497585242080,0.1721042279968540,15.00,1.0,0.833,0.000
-0.2039442448049640,0.1677405367351900,-0.2039442448049640,0.1677405367351900,15.00,1.0,0.833,0.000
-0.1993726399952780,0.1639804725801500,-0.1993726399952780,0.1639804725801500,15.00,1.0,0.833,0.000
-0.1954060169395220,0.1607179952249550,-0.1954060169395220,0.1607179952249550,15.00,1.0,0.833,0.000
-0.1919442201633910,0.1578707285621870,-0.1919442201633910,0.1578707285621870,15.00,1.0,0.833,0.000
-0.1889083454833030,0.1553737752954470,-0.1889083454833030,0.1553737752954470,15.00,1.0,0.833,0.000
-0.1862354650460230,0.1531753783776660,-0.1862354650460230,0.1531753783776660,15.00,1.0,0.833,0.000
-0.1838748537887700,0.1512338173412500,-0.1838748537887700,0.1512338173412500,15.00,1.0,0.833,0.000
-0.1817852424154720,0.1495151489195920,-0.1817852424154720,0.1495151489195920,15.00,1.0,0.833,0.000
-0.1799327863525510,0.1479915365491140,-0.1799327863525510,0.1479915365491140,15.00,1.0,0.833,0.000
-0.1782895431982060,0.1466399980982010,-0.1782895431982060,0.1466399980982010,15.00,1.0,0.833,0.000
-0.1768323173216320,0.1454414555704890,-0.1768323173216320,0.1454414555704890,15.00,1.0,0.833,0.000
-0.1755417736341970,0.1443800061973150,-0.1755417736341970,0.1443800061973150,15.00,1.0,0.833,0.000
-0.1744017515439060,0.1434423581773960,-0.1744017515439060,0.1434423581773960,15.00,1.0,0.833,0.000
-0.1733987298329240,0.1426173905480420,-0.1733987298329240,0.1426173905480420,15.00,1.0,0.833,0.000
-0.1725214068496280,0.1418958079005440,-0.1725214068496280,0.1418958079005440,15.00,1.0,0.833,0.000
-0.1717603700041110,0.1412698685460680,-0.1717603700041110,0.1412698685460680,15.00,1.0,0.833,0.000
-0.1711078354081460,0.1407331703741240,-0.1711078354081460,0.1407331703741240,15.00,1.0,0.833,0.000
-0.1705574434698410,0.1402804827327830,-0.1705574434698410,0.1402804827327830,15.00,1.0,0.833,0.000
-0.1701040999178540,0.1399076156739030,-0.1701040999178540,0.1399076156739030,15.00,1.0,0.833,0.000
-0.1697438544847140,0.1396113201723110,-0.1697438544847140,0.1396113201723110,15.00,1.0,0.833,0.000
-0.1694738115984540,0.1393892146712410,-0.1694738115984540,0.1393892146712410,15.00,1.0,0.833,0.000
-0.1692920691123160,0.1392397346886040,-0.1692920691123160,0.1392397346886040,15.00,1.0,0.833,0.000
-0.1691976824882880,0.1391621033585800,-0.1691976824882880,0.1391621033585800,15.00,1.0,0.833,0.000
-0.1691906530531080,0.1391563217723860,-0.1691906530531080,0.1391563217723860,15.00,1.0,0.833,0.000
-0.1692719400568910,0.1392231788962880,-0.1692719400568910,0.1392231788962880,15.00,1.0,0.833,0.000
-0.1694434973673880,0.1393642817519790,-0.1694434973673880,0.1393642817519790,15.00,1.0,0.833,0.000
-0.1697083368093740,0.1395821075121020,-0.1697083368093740,0.1395821075121020,15.00,1.0,0.833,0.000
-0.1700706215002800,0.1398800802671630,-0.1700706215002800,0.1398800802671630,15.00,1.0,0.833,0.000
-0.1705357941507730,0.1402626765504900,-0.1705357941507730,0.1402626765504900,15.00,1.0,0.833,0.000
-0.1711107473368270,0.1407355653839970,-0.1711107473368270,0.1407355653839970,15.00,1.0,0.833,0.000
-0.1718040454049800,0.1413057907913420,-0.1718040454049800,0.1413057907913420,15.00,1.0,0.833,0.000
-0.1726262112233760,0.1419820076455850,-0.1726262112233760,0.1419820076455850,15.00,1.0,0.833,0.000
-0.1735900958418270,0.1427747857080620,-0.1735900958418270,0.1427747857080620,15.00,1.0,0.833,0.000
-0.1747113558729320,0.1436970022659110,-0.1747113558729320,0.1436970022659110,15.00,1.0,0.833,0.000
-0.1760090729567290,0.1447643516308060,-0.1760090729567290,0.1447643516308060,15.00,1.0,0.833,0.000
-0.1775065634132380,0.1459960110638580,-0.1775065634132380,0.1459960110638580,15.00,1.0,0.833,0.000
-0.1792324462992800,0.1474155192334740,-0.1792324462992800,0.1474155192334740,15.00,1.0,0.833,0.000
-0.1812220680530680,0.1490519479603520,-0.1812220680530680,0.1490519479603520,15.00,1.0,0.833,0.000
-0.1835194274289980,0.1509414854423280,-0.1835194274289980,0.1509414854423280,15.00,1.0,0.833,0.000
-0.1861798150305230,0.1531296072235050,-0.1861798150305230,0.1531296072235050,15.00,1.0,0.833,0.000
-0.1892734938200280,0.1556741033485810,-0.1892734938200280,0.1556741033485810,15.00,1.0,0.833,0.000
-0.1928909294791880,0.1586493802417970,-0.1928909294791880,0.1586493802417970,15.00,1.0,0.833,0.000
-0.1971503852783520,0.1621527073527670,-0.1971503852783520,0.1621527073527670,15.00,1.0,0.833,0.000
-0.2022092252480260,0.1663135138152490,-0.2022092252480260,0.1663135138152490,15.00,1.0,0.833,0.000
-0.2082812191943520,0.1713076215165160,-0.2082812191943520,0.1713076215165160,15.00,1.0,0.833,0.000
-0.2156639209311830,0.1773797632093400,-0.2156639209311830,0.1773797632093400,15.00,1.0,0.833,0.000
-0.2247836852441870,0.1848806081693180,-0.2247836852441870,0.1848806081693180,15.00,1.0,0.833,0.000
-0.2362731617015240,0.1943304994844820,-0.2362731617015240,0.1943304994844820,15.00,1.0,0.833,0.000
-0.2511123141799440,0.2065354401230660,-0.2511123141799440,0.2065354401230660,15.00,1.0,0.833,0.000
-0.2709032997003770,0.2228131759174280,-0.2709032997003770,0.2228131759174280,15.00,1.0,0.833,0.000
-0.2984552459239970,0.2454741647188960,-0.2984552459239970,0.2454741647188960,15.00,1.0,0.833,0.000
-0.3391807360810630,0.2789701605695410,-0.3391807360810630,0.2789701605695410,15.00,1.0,0.833,0.000
-0.4050138691702860,0.3331167489663160,-0.4050138691702860,0.3331167489663160,15.00,1.0,0.833,0.000
-0.5284480234662880,0.4346391592351930,-0.5284480234662880,0.4346391592351930,15.00,1.0,0.833,0.000
-0.8402331217240940,0.6910768918998870,-0.8402331217240940,0.6910768918998870,15.00,1.0,0.833,0.000
-3.0899574125404100,2.5414353582964800,-3.0899574125404100,2.5414353582964800,15.00,1.0,0.833,0.000
1.3115590750749200,-1.0787341580703500,1.3115590750749200,-1.0787341580703500,15.00,1.0,0.833,0.000
0.4653877138004960,-0.3827731690958630,0.4653877138004960,-0.3827731690958630,15.00,1.0,0.833,0.000
0.2527312414173610,-0.2078669791620780,0.2527312414173610,-0.2078669791620780,15.00,1.0,0.833,0.000
0.1568245821507290,-0.1289854470195620,0.1568245821507290,-0.1289854470195620,15.00,1.0,0.833,0.000
0.1028934058395630,-0.0846280077113513,0.1028934058395630,-0.0846280077113513,15.00,1.0,0.833,0.000
0.0688697550085171,-0.0566441562545557,0.0688697550085171,-0.0566441562545557,15.00,1.0,0.833,0.000
0.0459272733837023,-0.0377743706155250,0.0459272733837023,-0.0377743706155250,15.00,1.0,0.833,0.000
0.0298619738184707,-0.0245609456696008,0.0298619738184707,-0.0245609456696008,15.00,1.0,0.833,0.000
0.0184347059811763,-0.0151622198449145,0.0184347059811763,-0.0151622198449145,15.00,1.0,0.833,0.000
0.0103634175514232,-0.0085237277676017,0.0103634175514232,-0.0085237277676017,15.00,1.0,0.833,0.000
0.0048844276915352,-0.0040173554463666,0.0048844276915352,-0.0040173554463666,15.00,1.0,0.833,0.000
0.0015428344191333,-0.0012689540408774,0.0015428344191333,-0.0012689540408774,15.00,1.0,0.833,0.000
0.0000873573804678,-0.0000718499014349,0.0000873573804678,-0.0000718499014349,15.00,1.0,0.833,0.000
0.0004189788242192,-0.0003446026776701,0.0004189788242192,-0.0003446026776701,15.00,1.0,0.833,0.000
0.0025722417110372,-0.0021156233441872,0.0025722417110372,-0.0021156233441872,15.00,1.0,0.833,0.000
0.0067222122276745,-0.0055289007453793,0.0067222122276745,-0.0055289007453793,15.00,1.0,0.833,0.000
0.0132197610186310,-0.0108730197848767,0.0132197610186310,-0.0108730197848767,15.00,1.0,0.833,0.000
0.0226691736155348,-0.0186449946319862,0.0226691736155348,-0.0186449946319862,15.00,1.0,0.833,0.000
0.0360831140530083,-0.0296777235568326,0.0360831140530083,-0.0296777235568326,15.00,1.0,0.833,0.000
0.0551993873039112,-0.0454005204347221,0.0551993873039112,-0.0454005204347221,15.00,1.0,0.833,0.000
0.0831794000691941,-0.0684135864008367,0.0831794000691941,-0.0684135864008367,15.00,1.0,0.833,0.000
0.1263420665656890,-0.1039141167147370,0.1263420665656890,-0.1039141167147370,15.00,1.0,0.833,0.000
0.1992917952882830,-0.1639139792375390,0.1992917952882830,-0.1639139792375390,15.00,1.0,0.833,0.000
0.3449161181735770,-0.2836874109705010,0.3449161181735770,-0.2836874109705010,15.00,1.0,0.833,0.000
0.7665329953347320,-0.6304598405590890,0.7665329953347320,-0.6304598405590890,15.00,1.0,0.833,0.000
13.2959820576503000,-10.9357102422998000,13.2959820576503000,-10.9357102422998000,15.00,1.0,0.833,0.000
-1.1215791961264600,0.9224790654386610,-1.1215791961264600,0.9224790654386610,15.00,1.0,0.833,0.000
-0.6006603250832890,0.4940325009973150,-0.6006603250832890,0.4940325009973150,15.00,1.0,0.833,0.000
-0.4362654481077310,0.3588206202856680,-0.4362654481077310,0.3588206202856680,15.00,1.0,0.833,0.000
-0.3561932760968940,0.2929626740440620,-0.3561932760968940,0.2929626740440620,15.00,1.0,0.833,0.000
-0.3090997859858790,0.2542291107826440,-0.3090997859858790,0.2542291107826440,15.00,1.0,0.833,0.000
-0.2782788821952300,0.2288794621595550,-0.2782788821952300,0.2288794621595550,15.00,1.0,0.833,0.000
-0.2566707692481680,0.2111071711736480,-0.2566707692481680,0.2111071711736480,15.00,1.0,0.833,0.000
-0.2407794607255000,0.1980368507850250,-0.2407794607255000,0.1980368507850250,15.00,1.0,0.833,0.000
-0.2286771093000190,0.1880828806408330,-0.2286771093000190,0.1880828806408330,15.00,1.0,0.833,0.000
-0.2192142217350370,0.1802998228706430,-0.2192142217350370,0.1802998228706430,15.00,1.0,0.833,0.000
-0.2116634592565670,0.1740894541882140,-0.2116634592565670,0.1740894541882140,15.00,1.0,0.833,0.000
-0.2055426103168110,0.1690551641183390,-0.2055426103168110,0.1690551641183390,15.00,1.0,0.833,0.000
-0.2005197326763790,0.1649239360360420,-0.2005197326763790,0.1649239360360420,15.00,1.0,0.833,0.000
-0.1963591712391920,0.1615019477898870,-0.1963591712391920,0.1615019477898870,15.00,1.0,0.833,0.000
-0.1928892851335350,0.1586480277965600,-0.1928892851335350,0.1586480277965600,15.00,1.0,0.833,0.000
-0.1899823433708550,0.1562571195755600,-0.1899823433708550,0.1562571195755600,15.00,1.0,0.833,0.000
-0.1875415570991620,0.1542496160068210,-0.1875415570991620,0.1542496160068210,15.00,1.0,0.833,0.000
-0.1854924619740760,0.1525642714832130,-0.1854924619740760,0.1525642714832130,15.00,1.0,0.833,0.000
-0.1837770420622270,0.1511533689249430,-0.1837770420622270,0.1511533689249430,15.00,1.0,0.833,0.000
-0.1823496326630760,0.1499793499229190,-0.1823496326630760,0.1499793499229190,15.00,1.0,0.833,0.000
-0.1811740076400880,0.1490124191201220,-0.1811740076400880,0.1490124191201220,15.00,1.0,0.833,0.000
-0.1802212739619260,0.1482288125089440,-0.1802212739619260,0.1482288125089440,15.00,1.0,0.833,0.000
-0.1794683280740660,0.1476095278241380,-0.1794683280740660,0.1476095278241380,15.00,1.0,0.833,0.000
-0.1788967110626100,0.1471393829352720,-0.1788967110626100,0.1471393829352720,15.00,1.0,0.833,0.000
-0.1784917522354070,0.1468063114573510,-0.1784917522354070,0.1468063114573510,15.00,1.0,0.833,0.000
-0.1782419251921580,0.1466008331298520,-0.1782419251921580,0.1466008331298520,15.00,1.0,0.833,0.000
-0.1781383634681290,0.1465156554422430,-0.1781383634681290,0.1465156554422430,15.00,1.0,0.833,0.000
-0.1781744985324250,0.1465453758939560,-0.1781744985324250,0.1465453758939560,15.00,1.0,0.833,0.000
-0.1783457938593340,0.1466862632727760,-0.1783457938593340,0.1466862632727760,15.00,1.0,0.833,0.000
-0.1786495565967760,0.1469361027554610,-0.1786495565967760,0.1469361027554610,15.00,1.0,0.833,0.000
0.0000000000000000,0.0000000000000000,0.0000000000000000,0.0000000000000000,25.00,1.0,0.833,0.300
0.0436055802685007,-0.2186133089480630,0.0436055802685007,-0.2186133089480630,25.00,1.0,0.833,0.300
0.0433877647378147,-0.2190615370165600,0.0433877647378147,-0.2190615370165600,25.00,1.0,0.833,0.300
0.0431012733691566,-0.2196432644273600,0.0431012733691566,-0.2196432644273600,25.00,1.0,0.833,0.300
0.0427429701799743,-0.2203587637576740,0.0427429701799743,-0.2203587637576740,25.00,1.0,0.833,0.300
0.0423083945404482,-0.2212094201813550,0.0423083945404482,-0.2212094201813550,25.00,1.0,0.833,0.300
0.0417916653006506,-0.2221977011226630,0.0417916653006506,-0.2221977011226630,25.00,1.0,0.833,0.300
0.0411853368765393,-0.2233271372382310,0.0411853368765393,-0.2233271372382310,25.00,1.0,0.833,0.300
0.0404802018949622,-0.2246023105839450,0.0404802018949622,-0.2246023105839450,25.00,1.0,0.833,0.300
0.0396650323556906,-0.2260288447922300,0.0396650323556906,-0.2260288447922300,25.00,1.0,0.833,0.300
0.0387262482581455,-0.2276133903797450,0.0387262482581455,-0.2276133903797450,25.00,1.0,0.833,0.300
0.0376474991113209,-0.2293635956433070,0.0376474991113209,-0.2293635956433070,25.00,1.0,0.833,0.300
0.0364091395510818,-0.2312880495631140,0.0364091395510818,-0.2312880495631140,25.00,1.0,0.833,0.300
0.0349875753047043,-0.2333961770945090,0.0349875753047043,-0.2333961770945090,25.00,1.0,0.833,0.300
0.0333544499063743,-0.2356980582722550,0.0333544499063743,-0.2356980582722550,25.00,1.0,0.833,0.300
0.0314756359665758,-0.2382041293184780,0.0314756359665758,-0.2382041293184780,25.00,1.0,0.833,0.300
0.0293099878368685,-0.2409247044502460,0.0293099878368685,-0.2409247044502460,25.00,1.0,0.833,0.300
0.0268078062267152,-0.2438692284404710,0.0268078062267152,-0.2438692284404710,25.00,1.0,0.833,0.300
0.0239089619744900,-0.2470451280734970,0.0239089619744900,-0.2470451280734970,25.00,1.0,0.833,0.300
0.0205406302761972,-0.2504560697160930,0.0205406302761972,-0.2504560697160930,25.00,1.0,0.833,0.300
0.0166146069030990,-0.2540993426748030,0.0166146069030990,-0.2540993426748030,25.00,1.0,0.833,0.300
0.0120242303513956,-0.2579619645801750,0.0120242303513956,-0.2579619645801750,25.00,1.0,0.833,0.300
0.0066410473268248,-0.2620149366213660,0.0066410473268248,-0.2620149366213660,25.00,1.0,0.833,0.300
0.0003115836775647,-0.2662048596731520,0.0003115836775647,-0.2662048596731520,25.00,1.0,0.833,0.300
-0.0071449975684473,-0.2704418737718340,-0.0071449975684473,-0.2704418737718340,25.00,1.0,0.833,0.300
-0.0159368250441650,-0.2745826717214100,-0.0159368250441650,-0.2745826717214100,25.00,1.0,0.833,0.300
-0.0262940610996972,-0.2784073499422860,-0.0262940610996972,-0.2784073499422860,25.00,1.0,0.833,0.300
-0.0384537511427377,-0.2815895222386080,-0.0384537511427377,-0.2815895222386080,25.00,1.0,0.833,0.300
-0.0526274570979347,-0.2836612793580080,-0.0526274570979347,-0.2836612793580080,25.00,1.0,0.833,0.300
-0.0689417295343921,-0.2839796365902040,-0.0689417295343921,-0.2839796365902040,25.00,1.0,0.833,0.300
-0.0873412375059423,-0.2817107627343660,-0.0873412375059423,-0.2817107627343660,25.00,1.0,0.833,0.300
-0.1074520429432470,-0.2758627833168020,-0.1074520429432470,-0.2758627833168020,25.00,1.0,0.833,0.300
-0.1284267128661720,-0.2654114937458680,-0.1284267128661720,-0.2654114937458680,25.00,1.0,0.833,0.300
-0.1488387715619910,-0.2495571871317240,-0.1488387715619910,-0.2495571871317240,25.00,1.0,0.833,0.300
-0.1667435253548180,-0.2280945832519750,-0.1667435253548180,-0.2280945832519750,25.00,1.0,0.833,0.300
-0.1800146023421010,-0.2017616551730550,-0.1800146023421010,-0.2017616551730550,25.00,1.0,0.833,0.300
-0.1869293169361980,-0.1723301969676980,-0.1869293169361980,-0.1723301969676980,25.00,1.0,0.833,0.300
-0.1867518519484760,-0.1422633607404510,-0.1867518519484760,-0.1422633607404510,25.00,1.0,0.833,0.300
-0.1799685342008660,-0.1140399911411870,-0.1799685342008660,-0.1140399911411870,25.00,1.0,0.833,0.300
-0.1680331254211760,-0.0895040216533342,-0.1680331254211760,-0.0895040216533342,25.00,1.0,0.833,0.300
-0.1528141503752610,-0.0695603370817345,-0.1528141503752610,-0.0695603370817345,25.00,1.0,0.833,0.300
-0.1360718057470870,-0.0542604021822478,-0.1360718057470870,-0.0542604021822478,25.00,1.0,0.833,0.300
-0.1191620093813150,-0.0430986181984669,-0.1191620093813150,-0.0430986181984669,25.00,1.0,0.833,0.300
-0.1029705642450670,-0.0353205309440024,-0.1029705642450670,-0.0353205309440024,25.00,1.0,0.833,0.300
-0.0879830795165277,-0.0301407054028393,-0.0879830795165277,-0.0301407054028393,25.00,1.0,0.833,0.300
-0.0743988649532437,-0.0268582628899920,-0.0743988649532437,-0.0268582628899920,25.00,1.0,0.833,0.300
-0.0622365099811103,-0.0248984926808601,-0.0622365099811103,-0.0248984926808601,25.00,1.0,0.833,0.300
-0.0514128309965425,-0.0238132030729772,-0.0514128309965425,-0.0238132030729772,25.00,1.0,0.833,0.300
-0.0417949363530589,-0.0232631337262695,-0.0417949363530589,-0.0232631337262695,25.00,1.0,0.833,0.300
-0.0332314953672864,-0.0229955840218685,-0.0332314953672864,-0.0229955840218685,25.00,1.0,0.833,0.300
-0.0255698660930400,-0.0228233773520930,-0.0255698660930400,-0.0228233773520930,25.00,1.0,0.833,0.300
-0.0186643269749860,-0.0226073403866260,-0.0186643269749860,-0.0226073403866260,25.00,1.0,0.833,0.300
-0.0123789981936664,-0.0222425921141986,-0.0123789981936664,-0.0222425921141986,25.00,1.0,0.833,0.300
-0.0065877024885873,-0.0216481917493279,-0.0065877024885873,-0.0216481917493279,25.00,1.0,0.833,0.300
-0.0011720822525114,-0.0207595042883533,-0.0011720822525114,-0.0207595042883533,25.00,1.0,0.833,0.300
0.0039813188324540,-0.0195226926107306,0.0039813188324540,-0.0195226926107306,25.00,1.0,0.833,0.300
0.0089846870827871,-0.0178908854485819,0.0089846870827871,-0.0178908854485819,25.00,1.0,0.833,0.300
0.0139532058474759,-0.0158217412667885,0.0139532058474759,-0.0158217412667885,25.00,1.0,0.833,0.300
0.0190100419506172,-0.0132763162444275,0.0190100419506172,-0.0132763162444275,25.00,1.0,0.833,0.300
0.0242922429511526,-0.0102193635717009,0.0242922429511526,-0.0102193635717009,25.00,1.0,0.833,0.300
0.0299577989228860,-0.0066214731730273,0.0299577989228860,-0.0066214731730273,25.00,1.0,0.833,0.300
0.0361941166899974,-0.0024638553340910,0.0361941166899974,-0.0024638553340910,25.00,1.0,0.833,0.300
0.0432280081500147,0.0022528542628502,0.0432280081500147,0.0022528542628502,25.00,1.0,0.833,0.300
0.0513368431914483,0.0074935616974770,0.0513368431914483,0.0074935616974770,25.00,1.0,0.833,0.300
0.0608594288852343,0.0131641257115295,0.0608594288852343,0.0131641257115295,25.00,1.0,0.833,0.300
0.0722028318023923,0.0190726104524730,0.0722028318023923,0.0190726104524730,25.00,1.0,0.833,0.300
0.0858367484222485,0.0248710525410067,0.0858367484222485,0.0248710525410067,25.00,1.0,0.833,0.300
0.1022589042658270,0.0299743346026873,0.1022589042658270,0.0299743346026873,25.00,1.0,0.833,0.300
0.1219031002282870,0.0334622643675313,0.1219031002282870,0.0334622643675313,25.00,1.0,0.833,0.300
0.1449509576898960,0.0339969353112345,0.1449509576898960,0.0339969353112345,25.00,1.0,0.833,0.300
0.1710186356145320,0.0298384169162695,0.1710186356145320,0.0298384169162695,25.00,1.0,0.833,0.300
0.1987627632053270,0.0191037278823745,0.1987627632053270,0.0191037278823745,25.00,1.0,0.833,0.300
0.2256216028773130,0.0004039883146939,0.2256216028773130,0.0004039883146939,25.00,1.0,0.833,0.300
0.2480876731790360,-0.0262403523487460,0.2480876731790360,-0.0262403523487460,25.00,1.0,0.833,0.300
0.2627684351449280,-0.0587622577606576,0.2627684351449280,-0.0587622577606576,25.00,1.0,0.833,0.300
0.2678095046550280,-0.0934110928697559,0.2678095046550280,-0.0934110928697559,25.00,1.0,0.833,0.300
0.2636514706412100,-0.1261347645385720,0.2636514706412100,-0.1261347645385720,25.00,1.0,0.833,0.300
0.2525472201318190,-0.1540202550313500,0.2525472201318190,-0.1540202550313500,25.00,1.0,0.833,0.300
0.2373701122460600,-0.1758616957996580,0.2373701122460600,-0.1758616957996580,25.00,1.0,0.833,0.300
0.2206190776429410,-0.1918377263592430,0.2206190776429410,-0.1918377263592430,25.00,1.0,0.833,0.300
0.2040105085009800,-0.2028604273223040,0.2040105085009800,-0.2028604273223040,25.00,1.0,0.833,0.300
0.1885139636527220,-0.2100423937793950,0.1885139636527220,-0.2100423937793950,25.00,1.0,0.833,0.300
0.1745605635072900,-0.2144054005316880,0.1745605635072900,-0.2144054005316880,25.00,1.0,0.833,0.300
0.1622535659288740,-0.2167746121480030,0.1622535659288740,-0.2167746121480030,25.00,1.0,0.833,0.300
0.1515222744754570,-0.2177717062704620,0.1515222744754570,-0.2177717062704620,25.00,1.0,0.833,0.300
0.1422178938849210,-0.2178466923340280,0.1422178938849210,-0.2178466923340280,25.00,1.0,0.833,0.300
0.1341671965627330,-0.2173176735021980,0.1341671965627330,-0.2173176735021980,25.00,1.0,0.833,0.300
0.1271998268186030,-0.2164062598654070,0.1271998268186030,-0.2164062598654070,25.00,1.0,0.833,0.300
0.1211605464813720,-0.2152653579643190,0.1211605464813720,-0.2152653579643190,25.00,1.0,0.833,0.300
0.1159134460164820,-0.2139996798887470,0.1159134460164820,-0.2139996798887470,25.00,1.0,0.833,0.300
0.1113421603172890,-0.2126803980765990,0.1113421603172890,-0.2126803980765990,25.00,1.0,0.833,0.300
0.1073482916000830,-0.2113554393540390,0.1073482916000830,-0.2113554393540390,25.00,1.0,0.833,0.300
0.1038491852853070,-0.2100566547915700,0.1038491852853070,-0.2100566547915700,25.00,1.0,0.833,0.300
0.1007756227066680,-0.2088047965564510,0.1007756227066680,-0.2088047965564510,25.00,1.0,0.833,0.300
0.0980696846250288,-0.2076129710451960,0.0980696846250288,-0.2076129710451960,25.00,1.0,0.833,0.300
0.0956828802743753,-0.2064890378053910,0.0956828802743753,-0.2064890378053910,25.00,1.0,0.833,0.300
0.0935745586159701,-0.2054372795750650,0.0935745586159701,-0.2054372795750650,25.00,1.0,0.833,0.300
0.0917105831602769,-0.2044595676469260,0.0917105831602769,-0.2044595676469260,25.00,1.0,0.833,0.300
0.0900622382554481,-0.2035561768878300,0.0900622382554481,-0.2035561768878300,25.00,1.0,0.833,0.300
0.0886053319954246,-0.2027263567920690,0.0886053319954246,-0.2027263567920690,25.00,1.0,0.833,0.300
0.0873194630354770,-0.2019687321140520,0.0873194630354770,-0.2019687321140520,25.00,1.0,0.833,0.300
0.0861874226385064,-0.2012815841287620,0.0861874226385064,-0.2012815841287620,25.00,1.0,0.833,0.300
0.0851947077491206,-0.2006630481137000,0.0851947077491206,-0.2006630481137000,25.00,1.0,0.833,0.300
0.0843291251360240,-0.2001112519902300,0.0843291251360240,-0.2001112519902300,25.00,1.0,0.833,0.300
0.0835804703946132,-0.1996244136830510,0.0835804703946132,-0.1996244136830510,25.00,1.0,0.833,0.300
0.0829402687994031,-0.1992009096223170,0.0829402687994031,-0.1992009096223170,25.00,1.0,0.833,0.300
0.0824015676714682,-0.1988393232229690,0.0824015676714682,-0.1988393232229690,25.00,1.0,0.833,0.300
0.0819587721487273,-0.1985384796526640,0.0819587721487273,-0.1985384796526640,25.00,1.0,0.833,0.300
0.0816075180967198,-0.1982974714160580,0.0816075180967198,-0.1982974714160580,25.00,1.0,0.833,0.300
0.0813445774532716,-0.1981156780133680,0.0813445774532716,-0.1981156780133680,25.00,1.0,0.833,0.300
0.0811677926349370,-0.1979927820175010,0.0811677926349370,-0.1979927820175010,25.00,1.0,0.833,0.300
0.0810760378127646,-0.1979287832450810,0.0810760378127646,-0.1979287832450810,25.00,1.0,0.833,0.300
0.0810692059511361,-0.1979240121908090,0.0810692059511361,-0.1979240121908090,25.00,1.0,0.833,0.300
0.0811482215551463,-0.1979791434895250,0.0811482215551463,-0.1979791434895250,25.00,1.0,0.833,0.300
0.0813150801490135,-0.1980952098143640,0.0813150801490135,-0.1980952098143640,25.00,1.0,0.833,0.300
0.0815729166749378,-0.1982736162641910,0.0815729166749378,-0.1982736162641910,25.00,1.0,0.833,0.300
0.0819261063329004,-0.1985161548874860,0.0819261063329004,-0.1985161548874860,25.00,1.0,0.833,0.300
0.0823804029670605,-0.1988250184696880,0.0823804029670605,-0.1988250184696880,25.00,1.0,0.833,0.300
0.0829431220570947,-0.1992028119918150,0.0829431220570947,-0.1992028119918150,25.00,1.0,0.833,0.300
0.0836233778401403,-0.1996525591276740,0.0836233778401403,-0.1996525591276740,25.00,1.0,0.833,0.300
0.0844323872652269,-0.2001776996036730,0.0844323872652269,-0.2001776996036730,25.00,1.0,0.833,0.300
0.0853838576263072,-0.2007820709217860,0.0853838576263072,-0.2007820709217860,25.00,1.0,0.833,0.300
0.0864944801788642,-0.2014698644135660,0.0864944801788642,-0.2014698644135660,25.00,1.0,0.833,0.300
0.0877845592805258,-0.2022455401781290,0.0877845592805258,-0.2022455401781290,25.00,1.0,0.833,0.300
0.0892788162160390,-0.2031136770925430,0.0892788162160390,-0.2031136770925430,25.00,1.0,0.833,0.300
0.0910074196502054,-0.2040787210601030,0.0910074196502054,-0.2040787210601030,25.00,1.0,0.833,0.300
0.0930073115458547,-0.2051445742159720,0.0930073115458547,-0.2051445742159720,25.00,1.0,0.833,0.300
0.0953239194155308,-0.2063139354272160,0.0953239194155308,-0.2063139354272160,25.00,1.0,0.833,0.300
0.0980133737522280,-0.2075872506726350,0.0980133737522280,-0.2075872506726350,25.00,1.0,0.833,0.300
0.1011453831744770,-0.2089610484402130,0.1011453831744770,-0.2089610484402130,25.00,1.0,0.833,0.300
0.1048069559401210,-0.2104252996042650,0.1048069559401210,-0.2104252996042650,25.00,1.0,0.833,0.300
0.1091071839542900,-0.2119592191555800,0.1091071839542900,-0.2119592191555800,25.00,1.0,0.833,0.300
0.1141832944610680,-0.2135245622591230,0.1141832944610680,-0.2135245622591230,25.00,1.0,0.833,0.300
0.1202080521962220,-0.2150548687192960,0.1202080521962220,-0.2150548687192960,25.00,1.0,0.833,0.300
0.1273981896399220,-0.2164381408090340,0.1273981896399220,-0.2164381408090340,25.00,1.0,0.833,0.300
0.1360224662032230,-0.2174889214149200,0.1360224662032230,-0.2174889214149200,25.00,1.0,0.833,0.300
0.1464053531404400,-0.2179035446285540,0.1464053531404400,-0.2179035446285540,25.00,1.0,0.833,0.300
0.1589164182147680,-0.2171897765410060,0.1589164182147680,-0.2171897765410060,25.00,1.0,0.833,0.300
0.1739228455677040,-0.2145612388485160,0.1739228455677040,-0.2145612388485160,25.00,1.0,0.833,0.300
0.1916581824585250,-0.2087955448685710,0.1916581824585250,-0.2087955448685710,25.00,1.0,0.833,0.300
0.2119230864127890,-0.1980946646445560,0.2119230864127890,-0.1980946646445560,25.00,1.0,0.833,0.300
0.2335120723737220,-0.1801020974921210,0.2335120723737220,-0.1801020974921210,25.00,1.0,0.833,0.300
0.2533846427640850,-0.1524603119022490,0.2533846427640850,-0.1524603119022490,25.00,1.0,0.833,0.300
0.2661516432223720,-0.1144374363846920,0.2661516432223720,-0.1144374363846920,25.00,1.0,0.833,0.300
0.2653669639699340,-0.0693720169272158,0.2653669639699340,-0.0693720169272158,25.00,1.0,0.833,0.300
0.2475520854211510,-0.0254015147717924,0.2475520854211510,-0.0254015147717924,25.00,1.0,0.833,0.300
0.2158307445105520,0.0084143116315125,0.2158307445105520,0.0084143116315125,25.00,1.0,0.833,0.300
0.1782067999548790,0.0277340446885482,0.1782067999548790,0.0277340446885482,25.00,1.0,0.833,0.300
0.1421696451934120,0.0341370115797644,0.1421696451934120,0.0341370115797644,25.00,1.0,0.833,0.300
0.1116044900304650,0.0319837992933749,0.1116044900304650,0.0319837992933749,25.00,1.0,0.833,0.300
0.0872553114730586,0.0253923035416737,0.0872553114730586,0.0253923035416737,25.00,1.0,0.833,0.300
0.0683101634361721,0.0171544602859438,0.0683101634361721,0.0171544602859438,25.00,1.0,0.833,0.300
0.0535285861465993,0.0088508500787843,0.0535285861465993,0.0088508500787843,25.00,1.0,0.833,0.300
0.0417437561467645,0.0012650257241202,0.0417437561467645,0.0012650257241202,25.00,1.0,0.833,0.300
0.0320039247688649,-0.0052709980094308,0.0320039247688649,-0.0052709980094308,25.00,1.0,0.833,0.300
0.0235663086295732,-0.0106595778369615,0.0235663086295732,-0.0106595778369615,25.00,1.0,0.833,0.300
0.0158473908599589,-0.0149175027236675,0.0158473908599589,-0.0149175027236675,25.00,1.0,0.833,0.300
0.0083687616588997,-0.0181160825843654,0.0083687616588997,-0.0181160825843654,25.00,1.0,0.833,0.300
0.0007093375209113,-0.0203565035959228,0.0007093375209113,-0.0203565035959228,25.00,1.0,0.833,0.300
-0.0075353503980403,-0.0217675156006896,-0.0075353503980403,-0.0217675156006896,25.00,1.0,0.833,0.300
-0.0167885876737762,-0.0225210907549618,-0.0167885876737762,-0.0225210907549618,25.00,1.0,0.833,0.300
-0.0275232853500314,-0.0228683300104551,-0.0275232853500314,-0.0228683300104551,25.00,1.0,0.833,0.300
-0.0402843001364381,-0.0232041536240344,-0.0402843001364381,-0.0232041536240344,25.00,1.0,0.833,0.300
-0.0556875405518463,-0.0241755099701583,-0.0556875405518463,-0.0241755099701583,25.00,1.0,0.833,0.300
-0.0743571179148641,-0.0268500385486250,-0.0743571179148641,-0.0268500385486250,25.00,1.0,0.833,0.300
-0.0967150040647410,-0.0329432536364244,-0.0967150040647410,-0.0329432536364244,25.00,1.0,0.833,0.300
-0.1224724693817920,-0.0450131863015289,-0.1224724693817920,-0.0450131863015289,25.00,1.0,0.833,0.300
-0.1496807346327450,-0.0662838720477022,-0.1496807346327450,-0.0662838720477022,25.00,1.0,0.833,0.300
-0.1736087051500940,-0.0993833184039574,-0.1736087051500940,-0.0993833184039574,25.00,1.0,0.833,0.300
-0.1869021952233810,-0.1435280034990330,-0.1869021952233810,-0.1435280034990330,25.00,1.0,0.833,0.300
-0.1831224778560720,-0.1920534568088420,-0.1831224778560720,-0.1920534568088420,25.00,1.0,0.833,0.300
-0.1620988580136760,-0.2346583548862610,-0.1620988580136760,-0.2346583548862610,25.00,1.0,0.833,0.300
-0.1306206260366220,-0.2640142926846260,-0.1306206260366220,-0.2640142926846260,25.00,1.0,0.833,0.300
-0.0971400252103558,-0.2793235719298840,-0.0971400252103558,-0.2793235719298840,25.00,1.0,0.833,0.300
-0.0671361370453072,-0.2840515445571730,-0.0671361370453072,-0.2840515445571730,25.00,1.0,0.833,0.300
-0.0425699891037868,-0.2823676195365080,-0.0425699891037868,-0.2823676195365080,25.00,1.0,0.833,0.300
-0.0233320626143877,-0.2774229355076830,-0.0233320626143877,-0.2774229355076830,25.00,1.0,0.833,0.300
-0.0085424614710214,-0.2711591339488840,-0.0085424614710214,-0.2711591339488840,25.00,1.0,0.833,0.300
0.0027812456384489,-0.2646390400958470,0.0027812456384489,-0.2646390400958470,25.00,1.0,0.833,0.300
0.0114823192876201,-0.2583921919739760,0.0114823192876201,-0.2583921919739760,25.00,1.0,0.833,0.300
0.0182174758747555,-0.2526522753989780,0.0182174758747555,-0.2526522753989780,25.00,1.0,0.833,0.300
0.0234776338721274,-0.2474979104426170,0.0234776338721274,-0.2474979104426170,25.00,1.0,0.833,0.300
0.0276240169422697,-0.2429306376518750,0.0276240169422697,-0.2429306376518750,25.00,1.0,0.833,0.300
0.0309215479791859,-0.2389165356147400,0.0309215479791859,-0.2389165356147400,25.00,1.0,0.833,0.300
0.0335651486467230,-0.2354078257050400,0.0335651486467230,-0.2354078257050400,25.00,1.0,0.833,0.300
0.0356991765900196,-0.2323537371473760,0.0356991765900196,-0.2323537371473760,25.00,1.0,0.833,0.300
0.0374314085981416,-0.2297056953570380,0.0374314085981416,-0.2297056953570380,25.00,1.0,0.833,0.300
0.0388430007733062,-0.2274195524779060,0.0388430007733062,-0.2274195524779060,25.00,1.0,0.833,0.300
0.0399955750961603,-0.2254563091700190,0.0399955750961603,-0.2254563091700190,25.00,1.0,0.833,0.300
0.0409362795322422,-0.2237820958369570,0.0409362795322422,-0.2237820958369570,25.00,1.0,0.833,0.300
0.0417014231218488,-0.2223678174352770,0.0417014231218488,-0.2223678174352770,25.00,1.0,0.833,0.300
0.0423191062357675,-0.2211886713935190,0.0423191062357675,-0.2211886713935190,25.00,1.0,0.833,0.300
0.0428111379934602,-0.2202236442232580,0.0428111379934602,-0.2202236442232580,25.00,1.0,0.833,0.300
0.0431944438666146,-0.2194550371294330,0.0431944438666146,-0.2194550371294330,25.00,1.0,0.833,0.300
0.0434821051476365,-0.2188680418576040,0.0434821051476365,-0.2188680418576040,25.00,1.0,0.833,0.300
0.0436841296673280,-0.2184503730730300,0.0436841296673280,-0.2184503730730300,25.00,1.0,0.833,0.300
0.0438080238607330,-0.2181919562193520,0.0438080238607330,-0.2181919562193520,25.00,1.0,0.833,0.300
0.0438592158578153,-0.2180846665045010,0.0438592158578153,-0.2180846665045010,25.00,1.0,0.833,0.300
0.0438413648962360,-0.2181221134749850,0.0438413648962360,-0.2181221134749850,25.00,1.0,0.833,0.300
0.0437565821031775,-0.2182994655127380,0.0437565821031775,-0.2182994655127380,25.00,1.0,0.833,0.300
0.0436055802685007,-0.2186133089480630,0.0436055802685007,-0.2186133089480630,25.00,1.0,0.833,0.300
